nombre_entidad,nit_entidad,sector
ADMINISTRADORA COLOMBIANA DE PENSIONES COLPENSIONES,900336004,Trabajo
ADMINISTRADORA DE LOS RECURSOS DEL SISTEMA GENERAL DE SEGURIDAD SOCIAL EN SALUD,901037916,Salud y Protección Social
AEROCIVIL,899999059,Transporte
AGENCIA DE DESARROLLO RURAL,900948958,agricultura
AGENCIA LOGISTICA DE LAS FUERZAS MILITARES,899999162,defensa
AGENCIA NACIONAL DE DEFENSA JURÍDICA DEL ESTADO,900507741,Ley de Justicia
AGENCIA NACIONAL DE HIDROCARBUROS,830127607,Minas y Energía
AGENCIA NACIONAL DE INFRAESTRUCTURA  ANI,8301259969,Transporte
AGENCIA NACIONAL DE MINERIA,900500018,Minas y Energía
AGENCIA NACIONAL DE SEGURIDAD VIAL,9008529985,Transporte
AGENCIA NACIONAL DE TIERRAS  ANT,900948953,agricultura
AGENCIA NACIONAL DEL ESPECTRO,900334265,Tecnologías de la Información y las Comunicaciones
AGENCIA PARA LA REINCORPORACIÓN Y LA NORMALIZACIÓN,900477169,Presidencia de la República
AGN,800128835,Cultura
ALCALDIA CIMITARRA,890208363,Servicio Público
ALCALDIA DE MALAMBO,8901143351,Servicio Público
ALCALDIA DE VERGARA CUNDINAMARCA,899999448,Servicio Público
ALCALDIA LOCAL CONTINENTE EL PAILON,901070157,Servicio Público
ALCALDIA MUNICIPAL ALBAN,899999450,Servicio Público
ALCALDIA MUNICIPAL DE MIRAFLORES BOYACA,800029660,No aplica/No pertenece
ALCALDIA MUNICIPAL DE TINJACA,800028436,Presidencia de la República
ALCALDIA MUNICIPAL DE VETAS,890210951,Servicio Público
ALCALDIA MUNICIPIO DE ARCABUCO,800063791,Servicio Público
ALCALDIA MUNICIPIO DE EL PEÑOL,814002243,Servicio Público
ALCALDIA MUNICIPIO DE SITIONUEVO,891780103,Servicio Público
ALCALDIA SAN PABLO DE BORBUR,891801369,Servicio Público
ALCALDÍA MUNICIPAL DE MAGANGUE,800028432,Servicio Público
ALCALDÍA MUNICIPAL DE ROLDANILLO,891900289,Servicio Público
ALDESARROLLO,9011004555,Educación Nacional
ANASHIWAYA IPS INDIGENA,9001776240,Salud y Protección Social
ANLA,900467239,Ambiente y Desarrollo Sostenible
APC  COLOMBIA,900484852,Presidencia de la República
APOYO LOGISTICO COMANDO EJERCITO,8001306324,defensa
ARMADA  NACIONAL JEFATURA DE OPERACIONES LOGISTICAS,800141644,defensa
ARMADA NACIONAL   BASE NAVAL No 3 ARC LEGUIZAMO,800141686,defensa
ARMADA NACIONAL  BASE NAVAL ARC ORINOQUIA,800141684,defensa
ARMADA NACIONAL  BASE NAVAL No1 ARC BOLÍVAR,800141645,defensa
ARMADA NACIONAL  BATALLON DE COMANDO Y APOYO DE INFANTERIA DE MARINA No6,800141688,defensa
ARMADA NACIONAL  DADIN,900039527,defensa
ARMADA NACIONAL  GRUPO GUARDACOSTAS DEL AMAZONAS,838000055,defensa
ARMADA NACIONAL BASE NAVAL ARC MALAGA,800141658,defensa
ARMADA NACIONAL BASE NAVAL No 6 ARC BOGOTA,800141644,defensa
ARMADA NACIONAL BATALLON DE COMANDO Y APOYO DE INFANTERIA DE MARINA No 4,800141667,defensa
ARMADA NACIONAL ESCUELA NAVAL DE CADETES ALMIRANTE PADILLA,800141648,defensa
ARMADA NACIONAL ESCUELA NAVAL DE SUBOFICIALES ARC BARRANQUILLA,800141653,defensa
ARMADA NACIONAL JEFATURA DE DESARROLO HUMANO Y FAMILIA,800141644,defensa
ARMADA NACIONALBATALLON DE COMANDO Y APOYO DE INFANTERIA DE MARINA No1,823001882,defensa
ART,901006886,Presidencia de la República
ARTESANIAS DE COLOMBIA SA,860007887,Industria
ASOAREAS,800119884,Planeación
ASOCIACION COLOMBIANA DE CIUDADES INTERMEDIAS,9016289940,No aplica/No pertenece
ASOCIACION COLOMBIANA PARA EL AVANCE DE LA CIENCIA,890203944,Ciencia Tecnología
ASOCIACION DE MUNICIPIOS CORPORACIÓN AGENCIA PARA EL DESARROLLO DE LOS MUNICIPIOS DE LA SUBREGIÓN DE BOSQUES,900225707,Servicio Público
ASOCIACION DE MUNICIPIOS DEL MAGDALENA MEDIO ANTIOQUEÑO,900793275,No aplica/No pertenece
AUDITORIA GENERAL DE LA REPUBLICA,830065741,No aplica/No pertenece
AUNAP,900479669,agricultura
AVB,9004839910,Presidencia de la República
BASPC N 19,800131272,defensa
BATALLON DE APOYO Y SERVICIOS PARA EL COMBATE N 28,842000005,defensa
BATALLON DE APOYO Y SERVICIOS PARA EL COMBATE No 26,838000326,defensa
BATALLON DE ASPC No 17 CLARA ELISA NARVAEZ ARTEAGA,830054053,defensa
BATALLÓN DE APOYO Y SERVICIOS PARA EL COMBATE N11,800131053,defensa
BATALLÓN DE APOYO Y SERVICIOS PARA EL COMBATE No 22,900364348,defensa
BATALLÓN DE ASPC No 18 ST RAFAEL ARAGONA,834000726,defensa
BATALLÓN DE INGENIEROS No 18 GENERAL RAFAEL NAVAS PARDO,834000487,defensa
BIORGANICOS DEL SUR DEL HUILA SA ESP,813001950,Ambiente y Desarrollo Sostenible
BN4,800141656,defensa
CAJA DE RETIRO DE LAS FUERZAS MILITARES,899999118,defensa
CAJA DE SUELDOS DE RETIRO DE LA POLICIA NACIONAL,899999073,defensa
CAMARA DE REPRESENTANTES,899999098,No aplica/No pertenece
CARCEL DEL CIRCUITO JUDICIAL DE ANSERMA C,810001374,Ley de Justicia
CARCEL Y PENITENCIARIA CON ALTA Y MEDIA SEGURIDAD DE LA DORADA CALDAS  INPEC,810006053,Ley de Justicia
CARCEL Y PENITENCIARIA DE MEDIA SEGURIDAD DE BELLO,811009884,Ley de Justicia
CARCEL Y PENITENCIARIA DE MEDIA SEGURIDAD DE BUCARAMANGA  INPEC,804003036,Ley de Justicia
CARCEL Y PENITENCIARIA DE MEDIA SEGURIDAD DE FUSAGASUGA,808000716,Ley de Justicia
CARCEL Y PENITENCIARIA DE MEDIA SEGURIDAD DE GIRARDOT,808002121,Ley de Justicia
CARCEL Y PENITENCIARIA DE MEDIA Y MINIMA SEGURIDAD PARA MIEMBROS DE LA FUERZA PUBLICA DE FACATATIVA  POLICIA NACIONAL,800141375,interior
CARCEL Y PENITENCIARIA DE MEDIANA  SEGURIDAD DE CHOCONTA,832001797,Ley de Justicia
CARCEL Y PENITENCIERIA DE MEDIA SEGURIDAD CON RECLUSION DE MUJERES PASTO,814001035,Ley de Justicia
CARCEL Y PENITENCIERIA DE MEDIA SEGURIDAD DE CHIQUINQUIRA  INPEC,820000960,Ley de Justicia
CAUDALES DE COLOMBIA SAS ESP,830094833,No aplica/No pertenece
CENAC TOLEMAIDA,800131049,defensa
CENACIMI,800131292,defensa
CENOP,900276535,Servicio Público
CENTRAL ADMINISTRATIVA ESPECIALIZADA INGENIEROS CENAC INGENIEROS,830087443,defensa
CENTRAL ADMINISTRATIVA Y CONTABLE  CENAC  ARMENIA,800130829,defensa
CENTRAL ADMINISTRATIVA Y CONTABLE  CENAC  ARMENIA,901540882,defensa
CENTRAL ADMINISTRATIVA Y CONTABLE  CENAC  BUCARAMANGA,800130717,defensa
CENTRAL ADMINISTRATIVA Y CONTABLE  CENAC  IBAGUE,800130740,defensa
CENTRAL ADMINISTRATIVA Y CONTABLE  CENAC  NEIVA,800131039,defensa
CENTRAL ADMINISTRATIVA Y CONTABLE  CENAC  PASTO,900363756,defensa
CENTRAL ADMINISTRATIVA Y CONTABLE  CENAC FLORENCIA,808001433,defensa
CENTRAL ADMINISTRATIVA Y CONTABLE  CENAC VALLEDUPAR,900059309,defensa
CENTRAL ADMINISTRATIVA Y CONTABLE  PUENTE ARANDA,830039548,defensa
CENTRAL ADMINISTRATIVA Y CONTABLE CALI,800130690,defensa
CENTRAL ADMINISTRATIVA Y CONTABLE DE  VILLAVICENCIO  CENAC VILLAVICENCIO,800130752,defensa
CENTRAL ADMINISTRATIVA Y CONTABLE DE CUCUTA,900063431,defensa
CENTRAL ADMINISTRATIVA Y CONTABLE ESPECIALIZADA CENAC AVIACION,830039207,defensa
CENTRAL ADMINISTRATIVA Y CONTABLE ESPECIALIZADA CENAC CONVENIOS,900973540,defensa
CENTRAL ADMINISTRATIVA Y CONTABLE ESPECIALIZADA CENAC EDUCACIÓN,901440630,defensa
CENTRAL ADMINISTRATIVA Y CONTABLE MEDELLIN,800130708,defensa
CENTRAL ADMINISTRATIVA Y CONTABLE REGIONAL ARMENIASANIDAD,830039670,defensa
CENTRAL ADMINISTRATIVA Y CONTABLE REGIONAL YOPAL,844000067,defensa
CENTRAL ADMINISTRATIVA Y CONTABLE TELEMATICA,900332546,defensa
CENTRAL ADMINISTRATIVA Y CONTABLECENACPOPAYAN,900156335,defensa
CENTRO DE COMERCIO Y SERVICIOS  SENA REGIONAL CAUCA,899999034,Trabajo
CENTRO DE DIAGNOSTICO AUTOMOTOR DE CALDAS LTDA,890805554,Transporte
CENTRO DE SALUD GUACHAVES ESE,900129891,Salud y Protección Social
CENTRO EDUCATIVO BUENOS AIRES,825003152,Educación Nacional
CENTRO EDUCATIVO DEL CARIBE,825003168,Educación Nacional
CENTRO EDUCATIVO EL MAMEY,900025803,Educación Nacional
CENTRO EDUCATIVO INDIGENA UWA TUTUKANA SINAIAKA DE SARAVENA,8340014192,Educación Nacional
CENTRO EDUCATIVO RIO ANCHO,825003293,Educación Nacional
CENTRO EDUCATIVO RURAL GUAMITO,811027724,Educación Nacional
CENTRO EDUCATIVO RURAL PUEBLO VIEJO,846003398,Educación Nacional
CGR  GERENCIA DEPARTAMENTAL COLEGIADA DE GUAVIARE,899999067,No aplica/No pertenece
CGR  GERENCIA DEPARTAMENTAL VALLE DEL CAUCA,899999067,No aplica/No pertenece
CGR GERENCIA DEPARTAMENTAL HUILA,899999067,No aplica/No pertenece
CGRGERENCIA DEPARTAMENTAL SUCRE,899999067,No aplica/No pertenece
CIENCIA Y TECNOLOGIA DE FAGOS SCIPHAGE S A S,900738246,Ciencia Tecnología
CLUB MILITAR,860016951,defensa
CNMH,900492141,Cultura
COBOGINPEC,830032532,Ley de Justicia
COCUC,900577112,Ley de Justicia
COLEGIO AGUADA DE CEFERINO,900055257,Educación Nacional
COLOMBIA COMPRA EFICIENTE,900514813,Planeación
COLONIA AGRICOLA ACACIAS,822001371,Ley de Justicia
COMANDO AEREO DE COMBATE No 4,800141632,defensa
COMANDO AEREO DE COMBATE No 6,800141638,defensa
COMANDO AEREO DE COMBATE No3,800141629,defensa
COMANDO AEREO DE MANTENIMIENTO,800141641,defensa
COMANDO AEREO DE TRANSPORTE MILITAR,800141639,defensa
COMANDO AÉREO DE COMBATE No 1,800141624,No aplica/No pertenece
COMANDO AÉREO DE COMBATE No 5,800141633,defensa
COMANDO AÉREO DE COMBATE No2,800141627,defensa
COMANDO DE INGENIEROS,8001306324,defensa
COMANDO DE RECLUTAMIENTO Y CONTROL RESERVAS DEL EJERCITO NACIONAL,800130643,defensa
COMANDO FAC,899999102,defensa
COMANDO GENERAL  DIRECCION NACIONAL DE GAULA MILITARES,900457470,defensa
COMANDO GENERAL DE LAS FUERZAS MILITARES,800230729,defensa
COMISION COLOMBIANA DEL OCEANO,800163158,defensa
COMISION DE REGULACION DE ENERGIA Y GAS,9000349931,Minas y Energía
COMISION PROFESIONAL COLOMBIANA DE DISEÑO INDUSTRIAL,900246895,Industria
COMISIÓN DE REGULACIÓN DE AGUA POTABLE Y SANEAMIENTO BÁSICO,830000212,"Vivienda, Ciudad y Territorio"
COMISIÓN DE REGULACIÓN DE COMUNICACIONES,830002593,Tecnologías de la Información y las Comunicaciones
COMISIÓN NACIONAL DEL SERVICIO CIVIL,900003409,No aplica/No pertenece
COMPLEJO CARCELARIO Y PENITENCIARIO DE IBAGUE PICALEÑA,800119348,Ley de Justicia
COMPLEJO CARCELARIO Y PENITENCIARIO DE JAMUNDI,900577346,Ley de Justicia
COMPUTADORES PARA EDUCAR,830079479,Tecnologías de la Información y las Comunicaciones
CONCEJO DE JORDAN SANTANDER,800124166,No aplica/No pertenece
CONCEJO MUNICIPAL DE SAN JUAN DEL CESAR,825000398,Hacienda y Crédito Público
CONCEJO MUNICIPAL DE UBATE,899999281,Ley de Justicia
CONCEJO MUNICIPAL DE VILLETA,832004292,Servicio Público
CONSEJO PROFESIONAL DE ADMINISTRACION AMBIENTAL,900938427,Ambiente y Desarrollo Sostenible
CONSEJO PROFESIONAL DE GEOLOGIA,860056938,No aplica/No pertenece
CONSEJO PROFESIONAL DE INGENIERIA DE PETROLEOS,8605327824,Minas y Energía
CONSEJO PROFESIONAL DE INGENIERIA QUIMICA DE COLOMBIA,860509339,No aplica/No pertenece
CONSEJO PROFESIONAL DE QUIMICA,860509416,Educación Nacional
CONSEJO PROFESIONAL NACIONAL DE ARQUITECTURA Y SUS PROFESIONES AUXILIARES,830059954,"Vivienda, Ciudad y Territorio"
CONSEJO PROFESIONAL NACIONAL DE INGENIERIA,800214417,No aplica/No pertenece
CONTADURÍA GENERAL DE LA NACIÓN,830025406,Hacienda y Crédito Público
CONTRALORIA GENERAL DE LA REPUBLICA,899999067,No aplica/No pertenece
CONTRALORIA GENERAL DE LA REPUBLICA  CGR  GERENCIA DEPARTAMENTAL MAGDALENA,899999067,No aplica/No pertenece
CONTRALORIA GENERAL DE LA REPUBLICA  CGR DEPARTAMENTAL PUTUMAYO,899999067,No aplica/No pertenece
CONTRALORIA GENERAL DE LA REPUBLICA  CGRGERENCIA DEPARTAMENTAL CESAR,899999067,No aplica/No pertenece
CONTRALORIA GENERAL DE LA REPUBLICA  GERENCIA DEPARTAMENTAL  CALDAS,899999067,No aplica/No pertenece
CONTRALORIA GENERAL DE LA REPUBLICA  GERENCIA DEPARTAMENTAL CHOCO,899999067,Servicio Público
CONTRALORIA GENERAL DE LA REPUBLICA CGR DEPARTAMENTAL GUAJIRA,899999067,No aplica/No pertenece
CONTRALORIA GENERAL DE LA REPUBLICA CGR GERENCIA DEPARTAMENTAL ARAUCA,899999067,No aplica/No pertenece
CONTRALORIA GENERAL DE LA REPUBLICA CGR GERENCIA DEPARTAMENTAL QUINDIO,899999067,Servicio Público
CONTRALORIA GENERAL DE LA REPUBLICA GERENCIA COLEGIADA CAQUETA,899999067,No aplica/No pertenece
CONTRALORIA GENERAL DE LA REPUBLICA GERENCIA DEPARTAMENTAL COLEGIADA DE BOLIVAR,899999067,Servicio Público
CONTRALORIA GENERAL DE LA REPUBLICA GERENCIA DEPARTAMENTAL VICHADA,899999067,No aplica/No pertenece
CONTRALORIA GENERAL DE LA REPUBLICACGR GERENCIA DEPARTAMENTAL ANTIOQUIA,899999067,No aplica/No pertenece
CONTRALORIA GENERAL DE LA REPUBLICACGR GERENCIA DEPARTAMENTAL ATLÁNTICO,899999067,No aplica/No pertenece
CONTRALORIA GENERAL DE LA REPUBLICACGR GERENCIA DEPARTAMENTAL BOYACA,899999067,No aplica/No pertenece
CONTRALORIA GENERAL DE LA REPUBLICACGR GERENCIA DEPARTAMENTAL CASANARE,899999067,No aplica/No pertenece
CONTRALORIA GENERAL DE LA REPUBLICACGR GERENCIA DEPARTAMENTAL CAUCA,899999067,No aplica/No pertenece
CONTRALORIA GENERAL DE LA REPUBLICACGR GERENCIA DEPARTAMENTAL NORTE DE SANTANDER,899999067,No aplica/No pertenece
CONTRALORIA GENERAL DE LA REPUBLICACGRGERENCIA DEPARTAMENTAL AMAZONAS,899999067,No aplica/No pertenece
CONTRALORIA GENERAL DE LA REPUBLICACGRGERENCIA DEPARTAMENTAL CORDOBA,899999067,No aplica/No pertenece
CONTRALORIA GENERAL DE LA REPUBLICACGRGERENCIA DEPARTAMENTAL SAN ANDRES,899999067,No aplica/No pertenece
CONTRALORIA GENERAL DE LA REPUBLICACGRGERENCIA DEPARTAMENTAL SANTANDER,899999067,No aplica/No pertenece
CONTRALORIA GENERAL DE LA REPUBLICACGRGERENCIA DEPARTAMENTAL VAUPES,899999067,No aplica/No pertenece
CONTRALORIA GENERAL DE LA REPUBLICAGERENCIA RISARALDA,899999067,No aplica/No pertenece
CONTRALORIA GENERAL DE LA REPÚBLICA  CGR GERENCIA DEPARTAMENTAL COLEGIADA NARIÑO,899999067,No aplica/No pertenece
CONTRALORIA GENERAL DE LA REPÚBLICA  CGR GERENCIA DEPARTAMENTAL META,899999067,No aplica/No pertenece
CONTRALORIA GENERAL DE LA REPÚBLICACGR GERENCIA DEPARTAMENTAL GUANIA,8999990672,No aplica/No pertenece
CONTRALORIA MUNICIPAL DE SOLEDAD  ATLÁNTICO,8001997416,Servicio Público
CONTRALORIA MUNICIPAL DE VALLEDUPAR,892300310,Servicio Público
CONTRALORÍA GENERAL DE LA REPÚBLICA CGRGERENCIA DEPARTAMENTAL TOLIMA,899999067,No aplica/No pertenece
COPED,811010134,Ley de Justicia
CORPOAMAZONIA  CORPORACIÓN PARA EL DESARROLLO SOSTENIBLE DEL SUR DE LA AMAZONIA1,800252844,Ambiente y Desarrollo Sostenible
CORPOCALDAS,890803005,No aplica/No pertenece
CORPORACION AGENCIA NACIONAL DE GOBIERNO DIGITAL,901144049,Tecnologías de la Información y las Comunicaciones
CORPORACION AUTONOMA REGIONAL DE BOYACA CORPOBOYACA,800252843,Ambiente y Desarrollo Sostenible
CORPORACION AUTONOMA REGIONAL DE LAS CUENCAS DE LOS RIOS NEGRO  NARE,890985138,Ambiente y Desarrollo Sostenible
CORPORACION AUTONOMA REGIONAL DE SANTANDER,804000292,Ambiente y Desarrollo Sostenible
CORPORACION AUTONOMA REGIONAL DEL CAUCA  12,8915018854,Ambiente y Desarrollo Sostenible
CORPORACION AUTONOMA REGIONAL DEL QUINDIO,8900004478,No aplica/No pertenece
CORPORACION CENTRO PROVINCIAL DE GESTION AGROEMPRESARIAL DEL SUR DEL DEPARTAMENTO DEL HUILA,813013649,agricultura
CORPORACION FRESNENSE DE OBRAS SANITARIAS,800123131,No aplica/No pertenece
CORPORACION MIXTA PARA EL DESARROLLO INTEGRAL LA SOSTENIBILIDAD SOCIAL Y  AMBIENTAL DE LAS REGIONES,901698332,Ambiente y Desarrollo Sostenible
CORPORACION PARA EL DESARROLLO SOSTENIBLE DEL AREA DE MANEJO ESPECIAL LA MACARENA  CORMACARENA,822000091,Ambiente y Desarrollo Sostenible
CORPORACION UNIVERSITARIA EMPRESARIAL ALEXANDER VON HUMBOLDT,801003135,No aplica/No pertenece
CORPORACIÓN AUTONOMA REGIONAL DEL VALLE DEL CAUCA,890399002,Ambiente y Desarrollo Sostenible
CORPORACIÓN AUTÓNOMA DEL RÍO GRANDE DE LA MAGDALENA,829000127,Ambiente y Desarrollo Sostenible
CORPORACIÓN AUTÓNOMA REGIONAL DE LA ORINOQUIA,832000283,Ambiente y Desarrollo Sostenible
CORPORACIÓN AUTÓNOMA REGIONAL PARA EL DESARROLLO SOSTENIBLE DEL CHOCO,899999238,Ambiente y Desarrollo Sostenible
CORPORACIÓN COLOMBIA CREA TALENTO,9013455247,Cultura
CORPORACIÓN NACIONAL PARA LA RECONSTRUCCIÓN DE LA CUENCA DEL RIO PÁEZ Y ZONAS ALDEAÑAS NASA KIWE,800237214,interior
CORPORACIÓN PARA INVESTIGACIÓN APLICADA AL DESARROLLO,814005596,Ciencia Tecnología
CORPORACIÓN UNIFICADA NACIONAL DE EDUCACIÓN SUPERIORCUN,8604017349,Educación Nacional
CORTOLIMA,890704536,Ambiente y Desarrollo Sostenible
CPMS PUERTO TRIUNFO,900356765,Ley de Justicia
CPMSBUG,891301360,Ley de Justicia
CPMSESP,809002640,Ley de Justicia
CPMSGAZ,813002062,Ley de Justicia
Central administrativa regional Usaquén,800131070,defensa
Central de Abastos de Cúcuta SA en liquidación,890503641,agricultura
Centro de productividad y competitividad del oriente,804012522,No aplica/No pertenece
Consejo Nacional Profesional de Economía,860501199,Educación Nacional
Corporacion Universitaria Remington,811005425,Educación Nacional
CÁRCEL Y PENITENCIARIA CON ALTA Y MEDIANA SEGURIDAD EL BARNE  CPAMSEB,8200009822,Ley de Justicia
CÁRCEL Y PENITENCIARÍA CON ALTA Y MEDIA SEGURIDAD DE GIRÓN,804015585,Ley de Justicia
Cárcel y Penitenciaria con Alta y Media Seguridad La Paz,811010070,Ley de Justicia
DANE  DIRECCION TERRITORIAL CENTRO,899999027,Información Estadística
DANE  DIRECCION TERRITORIAL NORTE,899999027,Información Estadística
DANE  TERRITORIAL CENTRO ORIENTE,899999027,Información Estadística
DANE CENTRO OCCIDENTE,899999027,Servicio Público
DECHO,800140951,defensa
DEFENSA CIVIL COLOMBIANA,8999997171,defensa
DEFENSORÍA DEL PUEBLO,800186061,Servicio Público
DEPARTAMENTO ADMINISTRATIVO DE LA FUNCIÓN PÚBLICA ENTIDAD,899999020,Servicio Público
DEPARTAMENTO ADMINISTRATIVO DE LA PRESIDENCIA DE LA REPÚBLICA,899999083,Presidencia de la República
DEPARTAMENTO ADMINISTRATIVO NACIONAL DE ESTADISTICA DANE,899999027,Información Estadística
DEPARTAMENTO ADMINISTRATIVO NACIONAL DE ESTADISTICASUROCCIDENTE,899999027,Información Estadística
DEPARTAMENTO ADMINISTRATIVO NACIONAL DE ESTADÍSTICA  DIR TER NOROCCIDENTE  DANE NOROCCIDENTE,899999027,Información Estadística
DEPARTAMENTO DE CUNDINAMARCASECRETARIA DE LA MUJER Y EQUIDAD DE GENERO,899999114,Inclusión Social y Reconciliación
DEPARTAMENTO DE POLICIA CAQUETA  POLICIA NACIONAL DE COLOMBIA,800140607,defensa
DEPARTAMENTO DE POLICIA CESAR,800140623,defensa
DEPARTAMENTO DE POLICIA CESAR  AREA DE SANIDAD,800140623,defensa
DEPARTAMENTO DE POLICIA CUNDINAMARCA,800140611,defensa
DEPARTAMENTO DE POLICIA GUAINIA  DEGUN,843000047,defensa
DEPARTAMENTO DE POLICIA QUINDIO  UNIDAD PRESTADORA  DE SALUD QUINDIO,800140986,defensa
DEPARTAMENTO DE POLICIA SAN ANDRES PROVIDENCIA Y SANTA CATALINA,800141053,defensa
DEPARTAMENTO DE POLICIA URABA,800141103,defensa
DEPARTAMENTO DE POLICIA VICHADA,842000015,defensa
DEPARTAMENTO DE POLICIA VICHADA  AREA SANIDAD,842000015,defensa
DEPARTAMENTO DE POLICÍA AMAZONAS,800140601,defensa
DEPARTAMENTO DE POLICÍA GUAVIARE,800252722,defensa
DEPARTAMENTO DE POLICÍA URABÁ  UNIDAD PRESTADORA DE SALUD,800141103,defensa
DEPARTAMENTO NACIONAL DE PLANEACIÓN,899999011,Planeación
DEPARTAMENTO POLICIA ARAUCA,800140602,defensa
DESAJ CUNDINAMARCA  AMAZONAS,901673538,Ley de Justicia
DICAR,900192793,defensa
DIGSA,8300396705,defensa
DILOF,800141397,defensa
DIRECCION DE ANTINARCOTICOS,800141379,defensa
DIRECCION DE BIENESTAR DE LA POLICIA NACIONAL,830042321,defensa
DIRECCION DE EDUCACION POLICIAL,900373379,defensa
DIRECCION DE IMPUESTOS Y ADUANAS NACIONALES,800197268,Hacienda y Crédito Público
DIRECCION DE PROTECCION Y SERVICIOS ESPECIALES,9002592122,defensa
DIRECCION DE SANIDAD DE EJERCITODISPENSARIO MEDICO FLORENCIA,901540902,defensa
DIRECCION DE SANIDAD DE LA POLICIA NACIONAL  DISAN PONAL,830041314,defensa
DIRECCION DE SANIDAD EJERCITO DISPENSARIO MEDICO YOPAL,901540945,Salud y Protección Social
DIRECCION DE SANIDAD EJERCITO DISPENSARIO MÉDICO SUROCCIDENTE,901540992,defensa
DIRECCION DEL VETERANO Y REHABILITACION INCLUSIVA,900894833,defensa
DIRECCION GENERAL MARITIMA  INRED 1,835000771,defensa
DIRECCION GENERAL MARITIMA  INRED 4,806006269,defensa
DIRECCION GENERAL MARITIMA  SUBDIRECCION ADMINISTRATIVA Y FINANCIERA  SUBAFIN,830027904,defensa
DIRECCION GENERAL MARITIMA INTENDENCIA REGIONAL N 3,802008959,defensa
DIRECCION NACIONAL DE INTELIGENCIA,900475460,Inteligencia Estratégica y Contrainteligencia
DIRECCION TERRITORIAL ANDES OCCIDENTALES DE PARQUES NACIONALES NATURALES DE COLOMBIA,901037393,Ambiente y Desarrollo Sostenible
DIRECCION TERRITORIAL DE ARAUCA MINISTERIO DE TRABAJO,834001348,Servicio Público
DIRECCIÓN ANTISECUESTRO Y ANTIEXTORSIÓN,8300532273,Servicio Público
DIRECCIÓN DE INTELIGENCIA POLICIAL,830000097,defensa
DIRECCIÓN DE INVESTIGACIÓN CRIMINAL E INTERPOL,800141338,defensa
DIRECCIÓN DE SANIDAD ARMADA NACIONAL,9014332637,defensa
DIRECCIÓN DE SANIDAD EJÉRCITO1,901440188,defensa
DIRECCIÓN DE TRÁNSITO Y TRANSPORTE DE LA POLICÍA NACIONAL,830090486,defensa
DIRECCIÓN GENERAL MARÍTIMA DIMAR,8300279041,defensa
DIRECCIÓN NACIONAL DE DERECHO DE AUTOR,8001859292,interior
DIRECCIÓN REGIONAL VIEJO CALDAS N 6 SEDE PEREIRA,816002178,Ley de Justicia
DIRECCIÓN TERRITORIAL DE CALDAS MINISTERIO DE TRABAJO,810004736,Trabajo
DIRECCIÓN TERRITORIAL DE NARIÑO,8070006594,Trabajo
DIRECCIÓN TERRITORIAL GUAINIA MINISTERIO DEL TRABAJO,830115226,Trabajo
DISPENSARIO MEDICO DE BUCARAMANGA,830039670,defensa
DISPENSARIO MEDICO DE BUCARAMANGA,901541137,defensa
DISPENSARIO MEDICO DE CALI,830039670,Salud y Protección Social
DISPENSARIO MEDICO DE MEDELLIN,901540992,defensa
DISPENSARIO MEDICO NEIVA  DIRECCION DE SANIDAD EJERCITO,9015412568,Salud y Protección Social
DISPENSARIO MEDICO NIVEL II  BARRANQUILLA,901540734,defensa
DISPENSARIO MEDICO ORIENTE,9015411545,defensa
DISPENSARIO MEDICO TOLEMAIDA,901540973,defensa
DMBOG,901541302,defensa
ECSAN,8001275088,defensa
EJERCITO NACIONAL  DIRECCIÓN DE ADQUISICIONES,800130632,defensa
EMAVI,800141621,defensa
EMPRESA DE DESARROLLO URBANO DEL NORTE DE ANTIOQUIA,9014427611,Servicio Público
EMPRESA DE SERVICIOS PUBLICOS DE GUATAPE SAS,811037130,Ambiente y Desarrollo Sostenible
EMPRESA DE SERVICIOS PUBLICOS DEL MUNICIPIO DE CUCUNUBA SAS ESP,900481517,Industria
EMPRESA INDUSTRIAL Y COMERCIAL DEL ESTADO ADMINISTRADORA DEL MONOPOLIO RENTISTICO DE LOS JUEGOS DE SUERTE Y AZAR,900505060,Hacienda y Crédito Público
EMPRESA SOCIAL DE ESTADO HOSPITAL LAS MERCEDES,826002777,Salud y Protección Social
EMPRESA SOCIAL DEL ESTADO CENTRO MATERNO INFANTIL DE SABANALARGA CEMINSA,802010241,Salud y Protección Social
EMPRESA SOCIAL DEL ESTADO HOSPITAL LOCAL DE SAN MARTIN DE LOS  LLANOS,892000458,Salud y Protección Social
EPMSC ARMENIA  INPEC,801000907,Ley de Justicia
EPMSC HONDA,809003291,Ley de Justicia
EPMSC NEIVA,813001835,Ley de Justicia
EPMSC VILLAVICENCIO,892099122,Ley de Justicia
EPMSC YARUMAL,811010125,Ley de Justicia
EPMSCCALI,805007945,Ley de Justicia
ESAP TERRITORIAL ANTIOQUIA,800117519,Educación Nacional
ESAP TERRITORIAL ATLÁNTICO,800117522,Educación Nacional
ESAP TERRITORIAL BOLIVAR,800248529,Educación Nacional
ESAP TERRITORIAL BOYACA CASANARE,800117524,Educación Nacional
ESAP TERRITORIAL CALDAS,800117525,Servicio Público
ESAP TERRITORIAL CAUCA,800117528,Educación Nacional
ESAP TERRITORIAL CUNDINAMARCA,830011682,Servicio Público
ESAP TERRITORIAL HUILACAQUETA Y BAJO PUTUMAYO,813006956,Educación Nacional
ESAP TERRITORIAL META,800117530,Educación Nacional
ESAP TERRITORIAL NARIÑO ALTO PUTUMAYO,800117534,Educación Nacional
ESAP TERRITORIAL NORTE DE SANTANDER ARAUCA,800145876,Educación Nacional
ESAP TERRITORIAL QUINDIO RISARALDA,800117537,Educación Nacional
ESAP TERRITORIAL SANTANDER,800117540,Educación Nacional
ESAP TERRITORIAL TOLIMA,800117541,Educación Nacional
ESAP TERRITORIAL VALLE DEL CAUCA,800117545,Educación Nacional
ESCUELA DE AVIACION POLICIAL,809010745,defensa
ESCUELA DE CARABINEROS PROVINCIA DE VELEZ MAYOR GENERAL MANUEL JOSE LOPEZ GOMEZ,804003971,defensa
ESCUELA DE FORMACION INPEC,832001871,Ley de Justicia
ESCUELA DE POLICIA DE PROVINCIA DE SUMAPAZ INTENDENTE MARITZA BONILLA RUIZ,808000859,defensa
ESCUELA DE SUBOFICIALES  FAC CT ANDRES M DIAZ,800141642,defensa
ESCUELA NACIONAL DE CARABINEROS POLICIA NACIONAL,800141208,defensa
ESCUELA NORMAL SUPERIOR DE PIEDECUESTA,804007705,Educación Nacional
ESCUELA SUPERIOR DE ADMINISTRACIÓN PUBLICA,899999054,Servicio Público
ESCUELA SUPERIOR DE GUERRA,830002634,defensa
ESCUELA TECNOLÓGICA INSTITUTO TÉCNICO CENTRAL,860523694,Educación Nacional
ESE CENTRO DE SALUD SAN JOSE DE TOLU VIEJO,823000696,Salud y Protección Social
ESE GAMEZA,826001960,Salud y Protección Social
ESE HOSPITAL DEPARTAMENTAL UNIVERSITARIO DEL QUINDÍO SAN JUAN DE DIOS,800000118,Salud y Protección Social
ESE HOSPITAL INTEGRADO SAN JOAQUIN,890204672,Salud y Protección Social
ESE HOSPITAL LA INMACULADA,890981817,Salud y Protección Social
ESE HOSPITAL LOCAL MUNICIPIO DE LOS PATIOS,807004393,Cultura
ESE HOSPITAL LOCAL NUEVA GRANADA,819004318,Salud y Protección Social
ESE HOSPITAL LUISA SANTIAGA MARQUEZ IGUARAN,819001712,Salud y Protección Social
ESE HOSPITAL MANUEL ELKIN PATARROYO,829001256,No aplica/No pertenece
ESE HOSPITAL SAN BARTOLOME DE MURINDO,8001650509,Salud y Protección Social
ESE HOSPITAL SAN FRANCISCO DE ASIS DE ANZA ANTIOQUIA,890397282,Salud y Protección Social
ESE HOSPITAL SANTA ANA DE BOLIVAR VALLE DEL CAUCA,891900414,Salud y Protección Social
ESE NUESTRA SEÑORA DE LA NATIVIDAD,826001918,Salud y Protección Social
ESJIM,800141206,defensa
ESM BATALLON DE ASPC NO2 CACIQUE ALFONSO XEQUE NIVEL I,901541212,Salud y Protección Social
ESM BATALLÓN ASPC NO 6,901541245,Servicio Público
ESM COMANDO AEREO DE COMBATE N5,901542789,defensa
ESM COMANDO AEREO DE COMBATE NO 1,901542613,defensa
ESM COMANDO AEREO DE COMBATE No 3,9015425882,Salud y Protección Social
ESM COMANDO AEREO DE COMBATE No 4,901542693,Salud y Protección Social
ESM COMANDO AEREO DE TRANSPORTE MILITAR,901542519,defensa
ESM COMANDO AÉREO DE COMBATE NO 2,901542623,defensa
ESM COMANDO AÉREO DE COMBATE NO 6,901542777,defensa
ESM COMANDO AÉREO DE MANTENIMIENTO,901542499,defensa
ESM ESCUELA MILITAR DE AVIACION,9015425732,defensa
ESPOL,800226849,defensa
ESTABLECIMIENTO CARCELARIO DE ZIPAQUIRA,832001785,Ley de Justicia
ESTABLECIMIENTO CARCELARIO PURIFICACION,809003243,Ley de Justicia
ESTABLECIMIENTO PENITENCIARIO ALTA Y MEDIANA SEGURIDAD Y CARCELARIO ALTA SEGURIDAD DE POPAYAN INPEC POPAYAN,817005159,Ley de Justicia
ESTABLECIMIENTO PENITENCIARIO CARCELARIO DE MEDIANA SEGURIDAD CARCEL DE BOLIVAR,811010098,Ley de Justicia
ESTABLECIMIENTO PENITENCIARIO DE MEDIANA SEGURIDAD CARCELARIA DE BOLIVAR CAUCA,900003814,Ley de Justicia
ESTABLECIMIENTO PENITENCIARIO DE MEDIANA SEGURIDAD CARCELARIA DE SANTA BARBARA,811010109,Ley de Justicia
ESTABLECIMIENTO PENITENCIARIO DE MEDIANA SEGURIDAD CARCELARIO SALAMINA,810001373,Ley de Justicia
ESTABLECIMIENTO PENITENCIARIO DE MEDIANA SEGURIDAD DE ANDES ANTIOQUIA  INPEC,811010135,Ley de Justicia
ESTABLECIMIENTO PENITENCIARIO DE MEDIANA SEGURIDAD DE RAMIRIQUI  INPEC,820000975,Servicio Público
ESTABLECIMIENTO PENITENCIARIO DE MEDIANA SEGURIDAD DE SAN GIL SANTANDER  INPEC,804003933,Ley de Justicia
ESTABLECIMIENTO PENITENCIARIO DE MEDIANA SEGURIDAD Y CARCELARIO CARTAGO,836000147,Ley de Justicia
ESTABLECIMIENTO PENITENCIARIO DE MEDIANA SEGURIDAD Y CARCELARIO DE ACACIAS,822004467,Ley de Justicia
ESTABLECIMIENTO PENITENCIARIO DE MEDIANA SEGURIDAD Y CARCELARIO DE AGUACHICA INPEC,824000857,Ley de Justicia
ESTABLECIMIENTO PENITENCIARIO DE MEDIANA SEGURIDAD Y CARCELARIO DE ARAUCA  INPEC,834000421,Ley de Justicia
ESTABLECIMIENTO PENITENCIARIO DE MEDIANA SEGURIDAD Y CARCELARIO DE BARRANCABERMEJA,829000754,Ley de Justicia
ESTABLECIMIENTO PENITENCIARIO DE MEDIANA SEGURIDAD Y CARCELARIO DE BUENAVENTURA  INPEC,835000452,Ley de Justicia
ESTABLECIMIENTO PENITENCIARIO DE MEDIANA SEGURIDAD Y CARCELARIO DE CAICEDONIA,821000700,Ley de Justicia
ESTABLECIMIENTO PENITENCIARIO DE MEDIANA SEGURIDAD Y CARCELARIO DE CAQUEZA,832001806,Ley de Justicia
ESTABLECIMIENTO PENITENCIARIO DE MEDIANA SEGURIDAD Y CARCELARIO DE CARTAGENA,890480218,Ley de Justicia
ESTABLECIMIENTO PENITENCIARIO DE MEDIANA SEGURIDAD Y CARCELARIO DE CAUCASIA,811010133,Ley de Justicia
ESTABLECIMIENTO PENITENCIARIO DE MEDIANA SEGURIDAD Y CARCELARIO DE DUIT,826000821,Ley de Justicia
ESTABLECIMIENTO PENITENCIARIO DE MEDIANA SEGURIDAD Y CARCELARIO DE FLORENCIA  INPEC,828000309,Ley de Justicia
ESTABLECIMIENTO PENITENCIARIO DE MEDIANA SEGURIDAD Y CARCELARIO DE FRESNO,809003231,Ley de Justicia
ESTABLECIMIENTO PENITENCIARIO DE MEDIANA SEGURIDAD Y CARCELARIO DE GUATEQUE BOYACA,820000981,Ley de Justicia
ESTABLECIMIENTO PENITENCIARIO DE MEDIANA SEGURIDAD Y CARCELARIO DE JERICO,811010104,Ley de Justicia
ESTABLECIMIENTO PENITENCIARIO DE MEDIANA SEGURIDAD Y CARCELARIO DE LA UNIÓN INPEC,814001009,Ley de Justicia
ESTABLECIMIENTO PENITENCIARIO DE MEDIANA SEGURIDAD Y CARCELARIO DE LETICIA,8380000752,Ley de Justicia
ESTABLECIMIENTO PENITENCIARIO DE MEDIANA SEGURIDAD Y CARCELARIO DE MAGANGUE,806003190,Ley de Justicia
ESTABLECIMIENTO PENITENCIARIO DE MEDIANA SEGURIDAD Y CARCELARIO DE MANIZALES,810001096,Ley de Justicia
ESTABLECIMIENTO PENITENCIARIO DE MEDIANA SEGURIDAD Y CARCELARIO DE MELGAR,809003305,Ley de Justicia
ESTABLECIMIENTO PENITENCIARIO DE MEDIANA SEGURIDAD Y CARCELARIO DE MONIQUIRAINPEC,820000970,Ley de Justicia
ESTABLECIMIENTO PENITENCIARIO DE MEDIANA SEGURIDAD Y CARCELARIO DE MONTERIA,812001571,Ley de Justicia
ESTABLECIMIENTO PENITENCIARIO DE MEDIANA SEGURIDAD Y CARCELARIO DE PAZ DE ARIPORO,844000697,Ley de Justicia
ESTABLECIMIENTO PENITENCIARIO DE MEDIANA SEGURIDAD Y CARCELARIO DE PENSILVANIA CALDAS,810001393,Ley de Justicia
ESTABLECIMIENTO PENITENCIARIO DE MEDIANA SEGURIDAD Y CARCELARIO DE PEREIRA,816001832,Ley de Justicia
ESTABLECIMIENTO PENITENCIARIO DE MEDIANA SEGURIDAD Y CARCELARIO DE PUERTO BERRIO,811010107,Ley de Justicia
ESTABLECIMIENTO PENITENCIARIO DE MEDIANA SEGURIDAD Y CARCELARIO DE PUERTO BOYACÁ,820000992,Ley de Justicia
ESTABLECIMIENTO PENITENCIARIO DE MEDIANA SEGURIDAD Y CARCELARIO DE RIOHACHA INPEC,825000432,Ley de Justicia
ESTABLECIMIENTO PENITENCIARIO DE MEDIANA SEGURIDAD Y CARCELARIO DE RIOSUCIO CALDAS,810001055,Ley de Justicia
ESTABLECIMIENTO PENITENCIARIO DE MEDIANA SEGURIDAD Y CARCELARIO DE ROLDANILLO VALLE,821000765,Ley de Justicia
ESTABLECIMIENTO PENITENCIARIO DE MEDIANA SEGURIDAD Y CARCELARIO DE SAN VICENTE DE CHUCURI,829000769,Ley de Justicia
ESTABLECIMIENTO PENITENCIARIO DE MEDIANA SEGURIDAD Y CARCELARIO DE SANTA MARTA,819001461,Ley de Justicia
ESTABLECIMIENTO PENITENCIARIO DE MEDIANA SEGURIDAD Y CARCELARIO DE SEVILLA  INPEC,821000631,Ley de Justicia
ESTABLECIMIENTO PENITENCIARIO DE MEDIANA SEGURIDAD Y CARCELARIO DE TAMESIS,811010121,Ley de Justicia
ESTABLECIMIENTO PENITENCIARIO DE MEDIANA SEGURIDAD Y CARCELARIO DE TUQUERRES,814001045,Ley de Justicia
ESTABLECIMIENTO PENITENCIARIO DE MEDIANA SEGURIDAD Y CARCELARIO DE UBATE,832001816,Ley de Justicia
ESTABLECIMIENTO PENITENCIARIO DE MEDIANA SEGURIDAD Y CARCELARIO DE VALLEDUPAR ERE,892301722,Ley de Justicia
ESTABLECIMIENTO PENITENCIARIO DE MEDIANA SEGURIDAD Y CARCELARIO DE VELEZ,804004084,Ley de Justicia
ESTABLECIMIENTO PENITENCIARIO DE MEDIANA SEGURIDAD Y CARCELARIO DE YOPAL  INPEC,844000729,Ley de Justicia
ESTABLECIMIENTO PENITENCIARIO DE MEDIANA SEGURIDAD Y CARCELARIO DEL GUAMO,809003292,Ley de Justicia
ESTABLECIMIENTO PENITENCIARIO DE MEDIANA SEGURIDAD Y CARCELARIO DEL LIBANO TOLIMA,809002634,Ley de Justicia
ESTABLECIMIENTO PENITENCIARIO DE MEDIANA SEGURIDAD Y CARCELARIO GRANADA  META,822001393,Ley de Justicia
ESTABLECIMIENTO PENITENCIARIO DE MEDIANA SEGURIDAD Y CARCELARIO INPEC DE IPIALES,837000111,Ley de Justicia
ESTABLECIMIENTO PENITENCIARIO DE MEDIANA SEGURIDAD Y CARCELARIO LA MESA  INPEC,808000718,Ley de Justicia
ESTABLECIMIENTO PENITENCIARIO DE MEDIANA SEGURIDAD Y CARCELARIO LA PLATA HUILA,813002057,Ley de Justicia
ESTABLECIMIENTO PENITENCIARIO DE MEDIANA SEGURIDAD Y CARCELARIO OCAÑA,807001559,Ley de Justicia
ESTABLECIMIENTO PENITENCIARIO DE MEDIANA SEGURIDAD Y CARCELARIO QUIBDO,818000409,interior
ESTABLECIMIENTO PENITENCIARIO DE MEDIANA SEGURIDAD Y CARCELARIO SOCORRO,804004058,Ley de Justicia
ESTABLECIMIENTO PENITENCIARIO LA ESPERANZA DE GUADUAS,900388272,Ley de Justicia
ESTABLECIMIENTO PENITENCIARIO LAS HELICONIAS,900416823,Ley de Justicia
ESTABLECIMIENTO PENITENCIARIO Y CARCELARIO  EL BANCO MAGDALENA,819001482,Ley de Justicia
ESTABLECIMIENTO PENITENCIARIO Y CARCELARIO DE BARRANQUILLA,802004295,Ley de Justicia
ESTABLECIMIENTO PENITENCIARIO Y CARCELARIO DE MEDIANA SEGURIDAD PITALITO  INPEC,813001834,Ley de Justicia
ESTABLECIMIENTO PENITENCIARIO Y CARCELARIO DE PACORA,810001336,Ley de Justicia
ESTABLECIMIENTO PENITENCIARIO Y CARCELARIO DE PALMIRA,815000974,Ley de Justicia
ESTABLECIMIENTO PENITENCIARIO Y CARCELARIO DE PAMPLONA  INPEC,890505988,Servicio Público
ESTABLECIMIENTO PENITENCIARIO Y CARCELARIO DE SOGAMOSO,826000801,Ley de Justicia
ESTABLECIMIENTO PENITENCIARIO Y CARCELARIO DE TIERRALTA,900127169,Ley de Justicia
ESTABLECIMIENTO PENITENCIARIO Y CARCELARIO DE TULUA,821000732,Ley de Justicia
ESTABLECIMIENTO PENITENCIARIO Y CARCELARIO DE VILLETA,832001795,Ley de Justicia
ESTABLECIMIENTO PENITENCIARIO Y CARCELARIO PUERTO TEJADA,817001031,Ley de Justicia
ESTABLECIMIENTO PENITENCIARIO Y CARCELARIO SAN ANDRES INPEC,827000237,Ley de Justicia
ESTABLECIMIENTO PENITENCIARIO Y CARCELARIO SANTA ROSA DE OSOS,811010111,Ley de Justicia
ESTABLECIMIENTO PENITENCIARIO Y CARCELARIO SANTANDER DE QUILICHAO,800143359,Ley de Justicia
ETNOEDUCATIVA KUEDSI J,813011028,Educación Nacional
Empresa Nacional Promotora del Desarrollo Territorial  ENTerritorio,899999316,Planeación
Empresa de Servicios Públicos de Caloto,817000100,No aplica/No pertenece
FINANCIERA DE DESARROLLO NACIONAL SA,860509022,Hacienda y Crédito Público
FISCALÍA GENERAL DE LA NACIÓN NIVEL CENTRAL,800152783,Ley de Justicia
FISCALÍA GENERAL DE LA NACIÓN REGIONAL CARIBE,800187568,No aplica/No pertenece
FISCALÍA GENERAL DE LA NACIÓN REGIONAL CENTRAL,800187567,Servicio Público
FISCALÍA GENERAL DE LA NACIÓN REGIONAL CENTROSUR,8001875909,Ley de Justicia
FISCALÍA GENERAL DE LA NACIÓN REGIONAL EJE CAFETERO,800187615,Ley de Justicia
FISCALÍA GENERAL DE LA NACIÓN REGIONAL NOROCCIDENTAL,800187597,Ley de Justicia
FISCALÍA GENERAL DE LA NACIÓN REGIONAL NORORIENTAL,800187569,Ley de Justicia
FISCALÍA GENERAL DE LA NACIÓN REGIONAL ORINOQUÍA,800187645,Ley de Justicia
FISCALÍA GENERAL DE LA NACIÓN REGIONAL PACÍFICO,800187575,Ley de Justicia
FONAM  DTAN,901037393,Ambiente y Desarrollo Sostenible
FONDANE  DIR TER NOROCCIDENTE,800072977,Información Estadística
FONDANE  DIRECCION TERRITORIAL CENTRO,800072977,Información Estadística
FONDO ADAPTACIÓN,900450205,Hacienda y Crédito Público
FONDO DE BIENESTAR SOCIAL DE LA CONTRALORIA GENERAL DE LA REPUBLICA,800252683,No aplica/No pertenece
FONDO DE PASIVO SOCIAL DE FERROCARRILES NACIONALES DE COLOMBIA ENTIDAD,800112806,Salud y Protección Social
FONDO DE PREVISION SOCIAL DEL CONGRESO DE LA REPUBLICA,899999734,Salud y Protección Social
FONDO ESPECIAL PARA LA ADMINISTRACIÓN DE BIENES DE LA FISCALÍA GENERAL DE LA NACIÓN,901148337,Ley de Justicia
FONDO NACIONAL AMBIENTAL  ANLA,830025267,Ambiente y Desarrollo Sostenible
FONDO NACIONAL DE VIVIENDA,830121208,"Vivienda, Ciudad y Territorio"
FONDO NACIONAL DEL AHORRO,899999284,"Vivienda, Ciudad y Territorio"
FONDO PARA EL FINANCIAMIENTO DEL SECTOR AGROPECUARIO,800116398,agricultura
FONDO ROTATORIO DE LA POLICIA NACIONAL,860020227,defensa
FONDO ROTATORIO DE LA REGISTRADURIA,899999737,No aplica/No pertenece
FONDO ROTATORIO DEL DANE  FONDANE  DIRECCIÓN TERRITORIAL CENTRO OCCIDENTE,800072977,Información Estadística
FONDO ROTATORIO DEL DANE FONDANE,800072977,Información Estadística
FONDO ROTATORIO DEL DANE FONDANESUROCCIDENTE,800072977,Información Estadística
FONDO ROTATORIO DEL MINISTERIO DE RELACIONES EXTERIORES,8605110716,Relaciones Exteriores
FONDO UNICO DE TECNOLOGÍAS DE LA INFORMACIÓN Y LAS COMUNICACIONES,8001316486,Tecnologías de la Información y las Comunicaciones
FUNDACION CARDIOINFANTIL  INSTITUTO DE CARDIOLOGIA,860035992,Salud y Protección Social
FUNDACION CENTRO DE INVESTIGACION Y DESARROLLO TECNOLOGICO EN CIENCIAS APLICADAS,9008377764,Ciencia Tecnología
FUNDACION PARQUE TECNOLOGICO DE SOFTWARE DE BOGOTA,9001622844,Ciencia Tecnología
FUNDACION SOCIAL RENOVANDO VIDAS,9007028558,No aplica/No pertenece
FUNDACION TECNALIA COLOMBIA,9001809135,Ciencia Tecnología
FUNDACIÓN CENTRO INTERNACIONAL DE EDUCACIÓN Y DESARROLLO HUMANO CINDE,8600515508,Ciencia Tecnología
GILBERTO CABRERA OLIVO,802011172,Educación Nacional
GOBERNACION DEL VALLE SECRETARIA DE MUJER EQUIDAD DE GENERO Y DIVERSIDAD SEXUAL,890399029,No aplica/No pertenece
GRUPO DE CABALLERIA MECANIZADO No 18,800130812,defensa
GUAVIARE SANIDAD,8002527222,defensa
HOSPITAL CENTRAL DE LA POLICIA,830067597,defensa
HOSPITAL DE MANATI ATLANTICO ESE,802010401,Salud y Protección Social
HOSPITAL EL BUEN SAMARITANO ESE,891201410,Salud y Protección Social
HOSPITAL JORGE ISAAC RINCON TORRES,824000543,defensa
HOSPITAL MILITAR CENTRAL,830040256,defensa
HOSPITAL NAVAL DE CARTAGENA,9015410214,Salud y Protección Social
HOSPITAL SAN JUAN BOSCO,824000450,Salud y Protección Social
HOSPITAL SAN JUAN DE DIOS EMPRESA SOCIAL DEL ESTADO DEL MUNICIPIO DE ANZOATEGUI,800163519,Salud y Protección Social
HOSPITAL SAN LUCAS DE EL MOLINO,8250001406,Salud y Protección Social
HOSPITAL SAN RAFAEL EL CERRITO,891380103,Salud y Protección Social
ICANH,830067892,Cultura
ICBF,899999239,No aplica/No pertenece
ICBF REGIONAL AMAZONAS,899999239,Salud y Protección Social
ICBF REGIONAL ANTIOQUIA,899999239,Salud y Protección Social
ICBF REGIONAL ARAUCA,899999239,Salud y Protección Social
ICBF REGIONAL ATLANTICO,8999992392,Salud y Protección Social
ICBF REGIONAL BOGOTA,899999239,Salud y Protección Social
ICBF REGIONAL BOLIVAR,899999239,Salud y Protección Social
ICBF REGIONAL CALDAS,899999239,Salud y Protección Social
ICBF REGIONAL CAQUETA,899999239,Salud y Protección Social
ICBF REGIONAL CASANARE,899999239,Salud y Protección Social
ICBF REGIONAL CAUCA,899999239,Salud y Protección Social
ICBF REGIONAL CESAR,899999239,Salud y Protección Social
ICBF REGIONAL CHOCO,899999239,Salud y Protección Social
ICBF REGIONAL CORDOBA,899999239,Salud y Protección Social
ICBF REGIONAL GUAJIRA,899999239,No aplica/No pertenece
ICBF REGIONAL GUAVIARE,899999239,Salud y Protección Social
ICBF REGIONAL HUILA,899999239,Salud y Protección Social
ICBF REGIONAL MAGDALENA,899999239,Salud y Protección Social
ICBF REGIONAL META,899999239,Salud y Protección Social
ICBF REGIONAL NARIÑO,899999239,Salud y Protección Social
ICBF REGIONAL NORTE DE SANTANDER,899999239,Salud y Protección Social
ICBF REGIONAL PUTUMAYO,899999239,Salud y Protección Social
ICBF REGIONAL QUINDIO,899999239,Salud y Protección Social
ICBF REGIONAL SAN ANDRES,899999239,Salud y Protección Social
ICBF REGIONAL SANTANDER,8999992391,Salud y Protección Social
ICBF REGIONAL SUCRE,899999239,Salud y Protección Social
ICBF REGIONAL TOLIMA,899999239,Salud y Protección Social
ICBF REGIONAL VALLE DEL CAUCA,899999239,Salud y Protección Social
ICBF REGIONAL VAUPES,899999239,Salud y Protección Social
ICBF REGIONAL VICHADA,899999239,Salud y Protección Social
ICBF RISARALDA,899999239,Salud y Protección Social
IE FRANCISCO JOSE DE CALDAS OFICIAL,890103051,Educación Nacional
IE Jorge Eliecer Gaitan,809005215,Educación Nacional
IED COLEGIO EL TESORO LA CUMBRE,830097774,Educación Nacional
IMPRENTA NACIONAL DE COLOMBIA,830001113,interior
INDUSTRIA MILITAR,899999044,defensa
INPEC  ESTABLECIMIENTO PENITENCIARIO Y CARCELARIO DE SANTO DOMINGO,811010132,Ley de Justicia
INPEC APARTADO,811046676,Ley de Justicia
INPEC CÁRCEL Y PENITENCIA DE ALTA Y MEDIANA SEGURIDAD DE VALLEDUPAR,824003186,Ley de Justicia
INPEC ESTABLECIMIENTO CARCELARIO BARRANQUILLA  JYP,890102201,Ley de Justicia
INPEC ESTABLECIMIENTO PENITENCIARIO DE MEDIANA SEGURIDAD Y CARCELARIO DE SINCELEJO,823000931,Ley de Justicia
INPEC LA CEJA,811010105,Ley de Justicia
INPECCÁRCEL Y PENITENCIARIA DE MEDIA SEGURIDAD PARA MUJERES DE BUCARAMANGA,804003138,Ley de Justicia
INPECRECLUSION DE MUJERES DE PEREIRA,816001925,Ley de Justicia
INS,899999403,Salud y Protección Social
INSTITUCION  EDUCATIVA SANTO ANGEL BUCARAMANGA SANTANDER,804001456,Educación Nacional
INSTITUCION EDUCATIVA ALFREDO BONILLA MONTAÑO,805016602,Educación Nacional
INSTITUCION EDUCATIVA ANTONIA SANTOS DE MALAMBO,802006959,Educación Nacional
INSTITUCION EDUCATIVA BICENTENARIO,900272394,Educación Nacional
INSTITUCION EDUCATIVA BUENOS AIRES,832002055,Educación Nacional
INSTITUCION EDUCATIVA CHAPIURCO,900603195,Educación Nacional
INSTITUCION EDUCATIVA CIUDAD LATINA,832004271,Educación Nacional
INSTITUCION EDUCATIVA CIUDAD VERDE,901359779,Educación Nacional
INSTITUCION EDUCATIVA COLEGIO GUATIQUIA,822000488,Educación Nacional
INSTITUCION EDUCATIVA DE PROMOCION SOCIAL DE CARTAGENA,806011976,Educación Nacional
INSTITUCION EDUCATIVA DEPARTAMENTAL DE FUNZA,8001113866,Educación Nacional
INSTITUCION EDUCATIVA DEPARTAMENTAL FRANCISCO JOSE DE CALDAS,890680065,Educación Nacional
INSTITUCION EDUCATIVA DEPARTAMENTAL LICEO PIVIJAY,891780222,Educación Nacional
INSTITUCION EDUCATIVA DEPARTAMENTAL SANTA HELENA,808003801,Educación Nacional
INSTITUCION EDUCATIVA DISTRITAL EL VALLE,8020023139,Educación Nacional
INSTITUCION EDUCATIVA EDUARDO AGUILAR,811019131,Educación Nacional
INSTITUCION EDUCATIVA EL SALVADOR,811017439,Educación Nacional
INSTITUCION EDUCATIVA HELION PINEDO RIOS,892115351,Educación Nacional
INSTITUCION EDUCATIVA INDIGENA TECNICA AGROAMBIENTAL BILINGÜE AWA,900000095,Educación Nacional
INSTITUCION EDUCATIVA INSTITUTO EDUCATIVO DE FORMACION INTERCULTURAL COMUNITARIO KWESX UMA KIWE,817006536,Educación Nacional
INSTITUCION EDUCATIVA JORGE ELIECER GAITAN,844003623,Educación Nacional
INSTITUCION EDUCATIVA JOSE FELIX RESTREPO,805027629,Educación Nacional
INSTITUCION EDUCATIVA JOSE MARIA VILLA,811040340,Educación Nacional
INSTITUCION EDUCATIVA JOSE YANCES MUTIS,812002000,Educación Nacional
INSTITUCION EDUCATIVA JUVENIL NUEVO FUTURO,811021956,Educación Nacional
INSTITUCION EDUCATIVA LA FILA,809006850,Educación Nacional
INSTITUCION EDUCATIVA LAS MERCEDES,812002056,Educación Nacional
INSTITUCION EDUCATIVA LICEO DEL PACIFICO,840000788,Educación Nacional
INSTITUCION EDUCATIVA LICEO ISABEL LA CATOLICA,890807637,Educación Nacional
INSTITUCION EDUCATIVA LOS NARANJOS,900075954,Educación Nacional
INSTITUCION EDUCATIVA MARIA MANDIGUAGUA,8130100826,Educación Nacional
INSTITUCION EDUCATIVA MARIANO OSPINA PEREZ,820001943,Educación Nacional
INSTITUCION EDUCATIVA NOBEL JUAN MANUEL SANTOS,901089263,Educación Nacional
INSTITUCION EDUCATIVA NORMAL SUPERIOR DEL PUTUMAYO,800092360,Educación Nacional
INSTITUCION EDUCATIVA PABLO VI,9003701396,Educación Nacional
INSTITUCION EDUCATIVA PASO NUEVO,812002605,Educación Nacional
INSTITUCION EDUCATIVA PAZ Y LIBERTAD,900225989,Educación Nacional
INSTITUCION EDUCATIVA PEDREGAL ALTO,900253334,Educación Nacional
INSTITUCION EDUCATIVA PRESBITERO HORACIO GOMEZ GALLO,800029321,Educación Nacional
INSTITUCION EDUCATIVA RURAL AVENIDA EL CARAÑO,828002097,Educación Nacional
INSTITUCION EDUCATIVA RURAL BAJO CALDAS,900022567,Educación Nacional
INSTITUCION EDUCATIVA RURAL EL SALITRE FLORENCIA  CAQUETA,800045645,Educación Nacional
INSTITUCION EDUCATIVA RURAL LUIS VIDALES DE PIÑUÑA NEGRO,846003423,Educación Nacional
INSTITUCION EDUCATIVA SAN ANTONIO DE PIOJO,890108028,Educación Nacional
INSTITUCION EDUCATIVA SAN FRANCISCO,823001555,Educación Nacional
INSTITUCION EDUCATIVA SAN FRANCISCO EL PAKI,823001740,Educación Nacional
INSTITUCION EDUCATIVA SAN JOSE DE MAJAGUAL  SUCRE,8001276892,Educación Nacional
INSTITUCION EDUCATIVA SAN MATEO  SOACHA CUNDINAMARCA,832004316,Educación Nacional
INSTITUCION EDUCATIVA SANTA CRUZ DE ISLOTE,806009730,Educación Nacional
INSTITUCION EDUCATIVA SANTO ANGEL,809010642,Educación Nacional
INSTITUCION EDUCATIVA SANTO DOMINGO SAVIO,811042215,Educación Nacional
INSTITUCION EDUCATIVA SANTO DOMINGO VIDAL,8001898142,Educación Nacional
INSTITUCION EDUCATIVA SOLEDAD ACOSTA DE SAMPER,806011971,Educación Nacional
INSTITUCION EDUCATIVA TECNICA DEPARTAMENTAL RAFAEL JIMENEZ ALTAHONA,819002687,Educación Nacional
INSTITUCION EDUCATIVA TECNICA EL PORTACHUELO,826001075,Educación Nacional
INSTITUCION EDUCATIVA TECNICA INDUSTRIAL ANTONIO RICAURTE,800072525,Educación Nacional
INSTITUCION EDUCATIVA TECNICA INDUSTRIAL VILLA MARIA,802011734,Educación Nacional
INSTITUCION EDUCATIVA TECNICA SAN DIEGO DE ALCALA,8002313742,Educación Nacional
INSTITUCION EDUCATIVA TECNICA SANFRANCISCO DE ASIS,814004251,Educación Nacional
INSTITUCION EDUCATIVA TECNICO AGROPECUARIO LAS PIEDRAS,823000601,Educación Nacional
INSTITUCION EDUCATIVA TECNICO MANUEL BRICEÑO,820001699,Educación Nacional
INSTITUCION EDUCATIVA VADO CASTRO,826001967,Educación Nacional
INSTITUCION EDUCATIVA ZARAGOZA  CARTAGO,800034326,Educación Nacional
INSTITUCION EDUCATIVS LAS AMERICASBUCARAMANGA,804003902,Educación Nacional
INSTITUCION ETNOEDUCATIVA RURAL GUAMACHITO,825003249,Educación Nacional
INSTITUCION ETNOEDUCATIVA TECNICA NASAWESX FIZÑI,900062183,Educación Nacional
INSTITUCIÓN EDUCATIVA ALTO CITACÁ,9010276338,Educación Nacional
INSTITUCIÓN EDUCATIVA DE GRANADA,8001640693,Educación Nacional
INSTITUCIÓN EDUCATIVA DEPARTAMENTAL JOSUE MANRIQUE,832000733,Educación Nacional
INSTITUCIÓN EDUCATIVA INEM LUIS LOPEZ DE MESA,892099144,Educación Nacional
INSTITUCIÓN EDUCATIVA JORGE ARTEL,901374443,Educación Nacional
INSTITUCIÓN EDUCATIVA JOSE MARÍA NAVARRETE,814002386,Educación Nacional
INSTITUCIÓN EDUCATIVA LA UNIÓN,8130130772,Educación Nacional
INSTITUCIÓN EDUCATIVA NORMAL SUPERIOR DE SAN MATEO,800228968,Educación Nacional
INSTITUCIÓN EDUCATIVA PAZ Y ESPERANZA,9003701491,Educación Nacional
INSTITUCIÓN EDUCATIVA TECNICA SAN ANTONIO,805018753,Educación Nacional
INSTITUCIÓN EDUCATIVA VILLA CECILIA DE SARAVENA,834001738,Educación Nacional
INSTITUTO  DISTRITAL DE CIENCIA BIOTECNOLOGIA E INNOVACIÓN EN SALUD  IDCBIS,9010347905,Ciencia Tecnología
INSTITUTO CARO Y CUERVO,899999096,Cultura
INSTITUTO COLOMBIANO AGROPECUARIO  ICA,899999069,agricultura
INSTITUTO COLOMBIANO AGROPECUARIO  ICA SANTANDER,899999069,agricultura
INSTITUTO COLOMBIANO AGROPECUARIO  ICA SECCIONAL NORTE DE SANTANDER,8999990697,agricultura
INSTITUTO COLOMBIANO AGROPECUARIO  SECCIONAL  AMAZONAS,899999069,agricultura
INSTITUTO COLOMBIANO AGROPECUARIO  SECCIONAL ANTIOQUIA,899999069,agricultura
INSTITUTO COLOMBIANO AGROPECUARIO  SECCIONAL ARAUCA,899999069,agricultura
INSTITUTO COLOMBIANO AGROPECUARIO  SECCIONAL BOLIVAR,899999069,agricultura
INSTITUTO COLOMBIANO AGROPECUARIO  SECCIONAL BOYACA,899999069,agricultura
INSTITUTO COLOMBIANO AGROPECUARIO  SECCIONAL CAUCA,899999069,agricultura
INSTITUTO COLOMBIANO AGROPECUARIO  SECCIONAL CORDOBA,899999069,agricultura
INSTITUTO COLOMBIANO AGROPECUARIO  SECCIONAL CUNDINAMARCA,899999069,agricultura
INSTITUTO COLOMBIANO AGROPECUARIO  SECCIONAL GUAINIA,899999069,agricultura
INSTITUTO COLOMBIANO AGROPECUARIO  SECCIONAL GUAVIARE,899999069,agricultura
INSTITUTO COLOMBIANO AGROPECUARIO  SECCIONAL HUILA,8999990697,agricultura
INSTITUTO COLOMBIANO AGROPECUARIO  SECCIONAL NARIÑO,899999069,agricultura
INSTITUTO COLOMBIANO AGROPECUARIO  SECCIONAL QUINDÍO,899999069,agricultura
INSTITUTO COLOMBIANO AGROPECUARIO  SECCIONAL RISARALDA,899999069,agricultura
INSTITUTO COLOMBIANO AGROPECUARIO  SECCIONAL SUCRE,899999069,agricultura
INSTITUTO COLOMBIANO AGROPECUARIO  SECCIONAL TOLIMA,899999069,agricultura
INSTITUTO COLOMBIANO AGROPECUARIO  SECCIONAL VALLE,899999069,agricultura
INSTITUTO COLOMBIANO AGROPECUARIO  SECCIONAL VAUPÉS,899999069,agricultura
INSTITUTO COLOMBIANO AGROPECUARIO  SECCIONAL VICHADA,899999069,agricultura
INSTITUTO COLOMBIANO AGROPECUARIO ICA  SECCIONAL ATLANTICO,899999069,agricultura
INSTITUTO COLOMBIANO AGROPECUARIO ICA  SECCIONAL SAN ANDRES,89999969,agricultura
INSTITUTO COLOMBIANO AGROPECUARIO ICA SECCIONAL PUTUMAYO,8999990697,agricultura
INSTITUTO COLOMBIANO AGROPECUARIO SECCIONAL CALDAS,899999069,agricultura
INSTITUTO COLOMBIANO AGROPECUARIO SECCIONAL CESAR,899999069,agricultura
INSTITUTO COLOMBIANO AGROPECUARIOSECCIONAL CAQUETA,899999069,agricultura
INSTITUTO COLOMBIANO AGROPECUARIOSECCIONAL CHOCO,899999069,agricultura
INSTITUTO COLOMBIANO AGROPUARIO SECCIONAL LA GUAJIRA,899999069,agricultura
INSTITUTO COLOMBIANO DE BIENESTAR FAMILIAR,899999239,Salud y Protección Social
INSTITUTO COLOMBIANO DE BIENESTAR FAMILIAR REGIONAL BOYACA,899999239,Salud y Protección Social
INSTITUTO COLOMBIANO DE BIENESTAR FAMILIAR SEDE NACIONAL,899999239,Inclusión Social y Reconciliación
INSTITUTO COLOMBIANO DE CREDITO EDUCATIVO Y ESTUDIO TÉCNICOS EN EL EXTERIOR MARIANO OSPINA PEREZ,899999035,Educación Nacional
INSTITUTO COLOMBIANO PARA LA EVALUACIÓN DE LA EDUCACIÓN  ICFES,860024301,Educación Nacional
INSTITUTO DE CASAS FISCALES DE EJERCITO,860041247,defensa
INSTITUTO DE DEPORTES DEL DEPARTAMENTO NORTE DE SANTANDER INDENORTE,8070041511,deportes
INSTITUTO DE EDUCACIÓN TÉCNICA PROFESIONAL DE ROLDANILLO VALLE DEL CAUCA,891902811,Educación Nacional
INSTITUTO DE ESTUDIOS DEL MINISTERIO PUBLICO,8300157281,No aplica/No pertenece
INSTITUTO DE EVALUACION TECNOLOGICA EN SALUD,900574083,Ciencia Tecnología
INSTITUTO DE HIDROLOGIA METEOROLOGÍA Y ESTUDIOS AMBIENTALES,830000602,Ambiente y Desarrollo Sostenible
INSTITUTO DE PLANIFICACIÓN Y PROMOCIÓN DE SOLUCIONES ENERGÉTICAS PARA LAS ZONAS NO INTERCONECTADAS IPSE,899999048,Minas y Energía
INSTITUTO DE TRANSITO Y TRANSPORTE DE ACACIAS,900081331,Transporte
INSTITUTO DEPARTAMENTAL DE DEPORTES DE ANTIOQUIA,811007127,No aplica/No pertenece
INSTITUTO DEPARTAMENTAL DE DEPORTES DE CÓRDOBA INDEPORTES CÓRDOBA,812004130,deportes
INSTITUTO DISTRITAL DE LAS ARTES,900413030,Cultura
INSTITUTO DISTRITAL PARA EL DESARROLLO INTEGRAL NUEVA GRANADA,802012629,Educación Nacional
INSTITUTO GEOGRÁFICO AGUSTÍN CODAZZI,899999004,Información Estadística
INSTITUTO MUNICIPAL DE DEPORTES RECREACION Y CULTURA DE PONEDERA,802014605,deportes
INSTITUTO NACIONAL DE CANCEROLOGIA ESE,899999092,Salud y Protección Social
INSTITUTO NACIONAL DE FORMACION TECNICA PROFESIONAL DE SAN ANDRES Y PROVIDENCIA ISLAS,892400461,Educación Nacional
INSTITUTO NACIONAL DE MEDICINA LEGAL Y CIENCIAS FORENSES,800150861,Ley de Justicia
INSTITUTO NACIONAL DE METROLOGIA,900494393,No aplica/No pertenece
INSTITUTO NACIONAL DE VIAS,800215807,Transporte
INSTITUTO NACIONAL DE VIGILANCIA DE MEDICAMENTOS Y ALIMENTOS,830000167,Salud y Protección Social
INSTITUTO NACIONAL PARA CIEGOS,860015971,Educación Nacional
INSTITUTO NACIONAL PARA SORDOS,860016627,Educación Nacional
INSTITUTO NACIONAL PENITENCIARIO INPEC REGIONAL CENTRAL,830035227,Ley de Justicia
INSTITUTO NACIONAL PENITENCIARIO Y CARCELARIO INPEC,800215546,No aplica/No pertenece
INSTITUTO NACIONAL PENITENCIARIO Y CARCELARIO INPEC DIRECCION REGIONAL OCCIDENTE,805008452,Ley de Justicia
INSTITUTO NACIONAL PENITENCIARIO Y CARCELARIO INPEC REGIONAL NORTE,802008282,Ley de Justicia
INSTITUTO NACIONAL PENITENCIARIO Y CARCELARIO REGIONAL NOROESTE,811011575,Ley de Justicia
INSTITUTO NACIONAL PENITENCIARIO Y CARCELARIO SILVA,817001129,Ley de Justicia
INSTITUTO PARA LA ECONOMIA SOCIAL IPES,899999446,Industria
INSTITUTO TECNICO NACIONAL DE COMERCIO SIMON RODRIGUEZ,800248004,Educación Nacional
INSTITUTO TECNOLOGICO  METROPOLITANO,800214750,Educación Nacional
INSTITUTO TOLIMENSE DE FORMACION TECNICA PROFESIONAL,800173719,Educación Nacional
Institución Universitaria Pascual Bravo COMPRADOR,8909801583,Educación Nacional
Instituto Colombiano Agropecuario  Seccional Casanare,899999069,agricultura
Instituto Colombiano Agropecuario Magdalena,899999069,agricultura
JEFATURA DE FORMACION INSTRUCCION Y EDUCACION NAVAL,8001416441,defensa
JEFATURA SALUD FUERZA AEREA,901440176,Servicio Público
JURISDICCION ESPECIAL DE PAZ,901140004,No aplica/No pertenece
LICEOS DEL  EJERCITO,800130640,defensa
MINDTECH SAS,900886347,Ciencia Tecnología
MINISTERIO DE AGRICULTURA Y DESARROLLO RURAL,899999028,agricultura
MINISTERIO DE AMBIENTE Y DESARROLLO SOSTENIBLE,830115395,Ambiente y Desarrollo Sostenible
MINISTERIO DE CIENCIA TECNOLOGIA E INNOVACION,899999296,Ciencia Tecnología
MINISTERIO DE COMERCIO INDUSTRIA Y TURISMO,830115297,Industria
MINISTERIO DE CULTURA,830034348,Cultura
MINISTERIO DE DEFENSA NACIONAL,899999003,defensa
MINISTERIO DE EDUCACION NACIONAL MEN,899999001,Educación Nacional
MINISTERIO DE HACIENDA Y CREDITO PUBLICO,899999090,Hacienda y Crédito Público
MINISTERIO DE MINAS Y ENERGIA,899999022,Minas y Energía
MINISTERIO DE RELACIONES EXTERIORES,899999042,Relaciones Exteriores
MINISTERIO DE TECNOLOGÍAS DE LA INFORMACIÓN Y LAS COMUNICACIONES DE COLOMBIA,899999053,Tecnologías de la Información y las Comunicaciones
MINISTERIO DE TRABAJO DIRECCION TERRITORIAL CAQUETA,800228881,Trabajo
MINISTERIO DE TRABAJODIRECCION TERRITORIAL DE CASANARE,844003466,Trabajo
MINISTERIO DE TRANSPORTE,899999055,Transporte
MINISTERIO DE VIVIENDA CIUDAD Y TERRITORIO,900463725,"Vivienda, Ciudad y Territorio"
MINISTERIO DEL DEPORTE,899999306,deportes
MINISTERIO DEL INTERIOR,830114475,interior
MINISTERIO DEL TRABAJO  DIRECCION TERRITORIAL DE CUNDINAMARCA,901074333,Trabajo
MINISTERIO DEL TRABAJO  DIRECCION TERRITORIAL QUINDIO,801003571,Trabajo
MINISTERIO DEL TRABAJO  DIRECCIÓN TERRITORIAL ATLÁNTICO,802000713,Trabajo
MINISTERIO DEL TRABAJO DIRECCION TERRITORIAL BOGOTA,830115226,Trabajo
MINISTERIO DEL TRABAJO DIRECCION TERRITORIAL BOLIVAR,806011177,Trabajo
MINISTERIO DEL TRABAJO DIRECCION TERRITORIAL DE RISARALDA,816007249,Trabajo
MINISTERIO DEL TRABAJO DIRECCION TERRITORIAL DE URABA,811043428,Trabajo
MINISTERIO DEL TRABAJO DIRECCION TERRITORIAL DEL PUTUMAYO,846003227,Trabajo
MINISTERIO DEL TRABAJO DIRECCION TERRITORIAL DEL TOLIMA,809010738,Servicio Público
MINISTERIO DEL TRABAJO DIRECCION TERRITORIAL GUAJIRA,800218970,Trabajo
MINISTERIO DEL TRABAJO DIRECCION TERRITORIAL NORTE DE SANTANDER,807006594,Trabajo
MINISTERIO DEL TRABAJO DIRECCIÓN BOYACA,830115226,Trabajo
MINISTERIO DEL TRABAJO DIRECCIÓN TERRITORIAL DE ANTIOQUIA,811038085,Trabajo
MINISTERIO DEL TRABAJO DIRECCIÓN TERRITORIAL DEL CAUCA,817002458,Trabajo
MINISTERIO DEL TRABAJO DIRECCIÓN TERRITORIAL META,800216935,Trabajo
MINISTERIO DEL TRABAJO DIRECCIÓN TERRITORIAL SANTANDER,830115226,Trabajo
MINISTERIO DEL TRABAJO MINTRABAJO DIRECCIONAL TERRITORIAL GUAVIARE,830115226,Trabajo
MINISTERIO DEL TRABAJO SAN ANDRES,830115226,Salud y Protección Social
MINISTERIO DEL TRABAJODIRECCION TERRITORIAL HUILA,800216593,Trabajo
MINJUSTICIA,900457461,Ley de Justicia
MINSALUD,900474727,Salud y Protección Social
MINTRABAJO NIVEL CENTRAL,830115226,Trabajo
MINTRABAJOOFICINA ESPECIAL BARRANCABERMEJA,829003831,Trabajo
MUNICIPIO DE BELÉN,800035482,No aplica/No pertenece
MUNICIPIO DE ENVIGADO,890907106,Cultura
MUNICIPIO DE MARINILLA,890983716,Servicio Público
MUNICIPIO DE MUZO,800077808,No aplica/No pertenece
MUNICIPIO DE PAJARITO,800065593,No aplica/No pertenece
MUNICIPIO DE PAMPLONA,800007652,Servicio Público
MUNICIPIO DE SAN RAFAEL,890982123,Presidencia de la República
MUNICIPIO DE SOCOTA,800026911,Servicio Público
MUNICIPIO DE SORA,800019277,No aplica/No pertenece
PARQUES NACIONALES NATURALES DE COLOMBIA  DIRECCION TERRITORIAL ANDES OCCIDENTALES,811004962,Ambiente y Desarrollo Sostenible
PARQUES NACIONALES NATURALES DE COLOMBIA  DIRECCION TERRITORIAL ORINOQUIA,900382496,Ambiente y Desarrollo Sostenible
PARQUES NACIONALES NATURALES DIRECCION TERRITORIAL PACIFICO,805003737,Ambiente y Desarrollo Sostenible
PATRIMONIO AUTÓNOMO FONDO NACIONAL DEL TURISMO FONTUR,900649119,Industria
PERSONERIA MUNICIPAL DE FUNZA,832000814,Ley de Justicia
PERSONERIA MUNICIPAL DE LA LLANADA,814006963,No aplica/No pertenece
PERSONERIA MUNICIPAL DE NEIVA,8002512646,No aplica/No pertenece
PERSONERIA MUNICIPAL DE TAMALAMEQUE,824000436,Inclusión Social y Reconciliación
PISCICOLA SAN SILVESTRE SA,829000291,agricultura
PNNCNC,830016624,Ambiente y Desarrollo Sostenible
PNNCSUBCUENTA FONAM,901037393,Ambiente y Desarrollo Sostenible
POLICIA METROPOLITANA DE BOGOTA,800140603,defensa
POLICIA METROPOLITANA DE CARTAGENA DE INDIAS,900149064,defensa
POLICIA METROPOLITANA DE CUCUTA,900259415,defensa
POLICIA METROPOLITANA DE IBAGUE,900486439,defensa
POLICIA METROPOLITANA DE IBAGUE  UPRES TOLIMA,900486439,defensa
POLICIA METROPOLITANA DE MANIZALESUPRES CALDAS,900805219,defensa
POLICIA METROPOLITANA DE MONTERIA,900800975,defensa
POLICIA METROPOLITANA DE NEIVA,900634185,defensa
POLICIA METROPOLITANA DE PEREIRA,900360623,defensa
POLICIA METROPOLITANA DE SANTA MARTA,900552743,defensa
POLICIA METROPOLITANA DE VILLAVICENCIO,900486513,defensa
POLICIA METROPOLITANA DEL VALLE DE ABURRA,800140985,defensa
POLICIA METROPOLITANA SANTIAGO DE CALI,800140625,defensa
POLICÍA METROPOLITANA DE MANIZALES,900805219,defensa
PROCURADURIA GENERAL DE LA NACION,899999119,No aplica/No pertenece
PROSPERIDAD SOCIAL,900039533,Inclusión Social y Reconciliación
Patrimonio AutónomoFondo De Seguridad Vial,830053630,Hacienda y Crédito Público
RADIO TELEVISION NACIONAL DE COLOMBIA,900002583,Tecnologías de la Información y las Comunicaciones
RAMA JUDICIAL  DIRECCIÓN SECCIONAL DE ADMINISTRACIÓN JUDICIAL DE VILLAVICENCIO,8220012289,Ley de Justicia
RASES N6,811032059,Salud y Protección Social
RECLUSION DE MUJERES DE ARMENIA,801000767,Ley de Justicia
RECLUSION DE MUJERES DE POPAYAN  INPEC,817001267,Ley de Justicia
RECLUSION MUJERES MANIZALES,810001114,Ley de Justicia
RECLUSIÓN DE MUJERES DE BOGOTA,830032895,Ley de Justicia
REFORESTADORA INTEGRAL DE ANTIOQUIA RIA SA,811038424,Ambiente y Desarrollo Sostenible
REGIONAL DE ASEGURAMIENTO EN SALUD N 8,802016407,Servicio Público
REGIONAL DE ASEGURAMIENTO EN SALUD NO 2,900419719,defensa
REGIONAL DE ASEGURAMIENTO EN SALUD No 4,805022186,defensa
REGIONAL DE ASEGURAMIENTO EN SALUD No 5,804012688,defensa
REGIONAL DE ASEGURAMIENTO EN SALUD No7,900407224,defensa
RNEC,899999040,No aplica/No pertenece
Rama Judicial  Dirección Ejecutiva de Administración Judicial,800093816,Ley de Justicia
Rama Judicial  Dirección Seccional de Administración Judicial de Armenia,800165939,Ley de Justicia
Rama Judicial  Dirección Seccional de Administración Judicial de Barranquilla,800165799,Ley de Justicia
Rama Judicial  Dirección Seccional de Administración Judicial de Bucaramanga,800165941,Ley de Justicia
Rama Judicial  Dirección Seccional de Administración Judicial de Cali,805003838,Ley de Justicia
Rama Judicial  Dirección Seccional de Administración Judicial de Cartagena,800165831,Ley de Justicia
Rama Judicial  Dirección Seccional de Administración Judicial de Cúcuta,800165874,Ley de Justicia
Rama Judicial  Dirección Seccional de Administración Judicial de Ibagué,8001659455,Ley de Justicia
Rama Judicial  Dirección Seccional de Administración Judicial de Manizales,800165850,Ley de Justicia
Rama Judicial  Dirección Seccional de Administración Judicial de Medellín,800165798,Ley de Justicia
Rama Judicial  Dirección Seccional de Administración Judicial de Montería,800165860,Servicio Público
Rama Judicial  Dirección Seccional de Administración Judicial de Neiva,800165866,Ley de Justicia
Rama Judicial  Dirección Seccional de Administración Judicial de Pereira,800165940,Ley de Justicia
Rama Judicial  Dirección Seccional de Administración Judicial de Popayán,800165853,Ley de Justicia
Rama Judicial  Dirección Seccional de Administración Judicial de Santa Marta,800165868,Ley de Justicia
Rama Judicial  Dirección Seccional de Administración Judicial de Sincelejo,800165944,Ley de Justicia
Rama Judicial  Dirección Seccional de Administración Judicial de Tunja,800165804,Ley de Justicia
Rama Judicial  Dirección Seccional de Administración Judicial de Valledupar,800165854,Ley de Justicia
Rama Judicial Dirección Seccional de Administración Judicial de Bogotá,800165862,Ley de Justicia
Rama Judicial Dirección Seccional de Administración Judicial de Pasto,800165872,Ley de Justicia
SANATORIO DE CONTRATACION EMPRESA SOCIAL DEL ESTADO,890205335,Salud y Protección Social
SECRETARIA DISTRITAL DE SEGURIDAD CONVIVENCIA Y JUSTICIA,899999061,No aplica/No pertenece
SENA  CENTRO LATINOAMERICANO DE ESPECIES MENORES TULUA,899999034,Trabajo
SENA DIRECCIÓN GENERAL Dirección Jurídica,899999034,Trabajo
SENA DIRECCIÓN GENERAL Dirección de Promoción y Relaciones Corporativas,899999034,Trabajo
SENA DISTRITO CAPITAL GRUPO DE APOYO ADMINISTRATIVO  CGI,899999034,Trabajo
SENA HOTELERIA TURISMO Y ALIMENTOS,8999990341,Trabajo
SENA REGIONAL AMAZONAS,8999990341,Trabajo
SENA REGIONAL ANTIOQUIA CENTRO DE LOS RECURSOS NATURALES RENOVABLES LA SALADA,899999034,Trabajo
SENA REGIONAL ANTIOQUIA Grupo Administrativo CFMA,899999034,Trabajo
SENA REGIONAL ANTIOQUIA Grupo Administrativo CIAA,899999034,Trabajo
SENA REGIONAL ANTIOQUIA Grupo Administrativo CTAPT,899999034,Trabajo
SENA REGIONAL ANTIOQUIA Grupo Administrativo CTMAE,899999034,Trabajo
SENA REGIONAL ANTIOQUIA Grupo Administrativo CTPGA,899999034,Trabajo
SENA REGIONAL ANTIOQUIA Grupo Administrativo CTTAOA,899999034,Trabajo
SENA REGIONAL ANTIOQUIA Grupo Administrativo Complejo Itagüí,899999034,Trabajo
SENA REGIONAL ANTIOQUIA Grupo Administrativo Intercentros Medellin,899999034,Trabajo
SENA REGIONAL ANTIOQUIA Grupo de Apoyo Administrativo Mixto,899999034,Trabajo
SENA REGIONAL ARAUCA Grupo de Apoyo Administrativo Mixto,899999034,Trabajo
SENA REGIONAL ATLANTICO,899999034,Educación Nacional
SENA REGIONAL ATLANTICO Intercentros,899999034,Transporte
SENA REGIONAL BOLIVAR Centro para la Industria Petroquímica,899999034,Trabajo
SENA REGIONAL BOLIVAR Grupo Administrativo CINFP,899999034,Trabajo
SENA REGIONAL BOLIVAR Grupo de Apoyo Administrativo Mixto,899999034,Trabajo
SENA REGIONAL BOYACA Grupo Administrativo CDAA,899999034,Trabajo
SENA REGIONAL BOYACA Grupo Administrativo CGAFE,899999034,Trabajo
SENA REGIONAL CALDAS  CENTRO DE PROCESOS INDUSTRIALES Y CONSTRUCCIÓN OFICIAL,899999034,Trabajo
SENA REGIONAL CALDAS CENTRO DE AUTOMATIZACION INDUSTRIAL,899999034,Salud y Protección Social
SENA REGIONAL CALDAS CENTRO DE COMERCIO Y SERVICIOS,899999034,Trabajo
SENA REGIONAL CALDAS CENTRO PARA LA FORMACION CAFETERA,899999034,Trabajo
SENA REGIONAL CALDAS GRUPO ADMINISTRATIVO CPA,899999034,Trabajo
SENA REGIONAL CALDAS Grupo de Apoyo Administrativo Mixto,8999990341,Trabajo
SENA REGIONAL CAQUETA,899999034,Trabajo
SENA REGIONAL CASANARE Grupo Administrativo Mixto,899999034,Trabajo
SENA REGIONAL CAUCA,899999034,Trabajo
SENA REGIONAL CAUCA Centro agropecuario,899999034,Trabajo
SENA REGIONAL CAUCA Grupo Administrativo Intercentros CTPI,899999034,Trabajo
SENA REGIONAL CESAR Grupo de Apoyo Administrativo Mixto,899999034,Trabajo
SENA REGIONAL CHOCO Grupo de Apoyo Administrativo Mixto,899999034,Trabajo
SENA REGIONAL CUNDINAMARCA Grupo Administrativo CAE,8999990341,Trabajo
SENA REGIONAL CUNDINAMARCA Grupo Administrativo CBA,899999034,Trabajo
SENA REGIONAL CUNDINAMARCA Grupo Administrativo CDA,899999034,Trabajo
SENA REGIONAL CUNDINAMARCA Grupo Administrativo CDAE,899999034,Trabajo
SENA REGIONAL CUNDINAMARCA Grupo Administrativo CTDPE,899999034,Trabajo
SENA REGIONAL CUNDINAMARCA Grupo de Apoyo Administrativo Mixto,899999034,Educación Nacional
SENA REGIONAL DISTRITO CAPITAL Grupo Administrativo Intercentros CEET,899999034,Trabajo
SENA REGIONAL DISTRITO CAPITAL Grupo Administrativo Intercentros CGMLTI,899999034,Trabajo
SENA REGIONAL DISTRITO CAPITAL Grupo Administrativo Intercentros CTCM,899999034,Trabajo
SENA REGIONAL DISTRITO CAPITAL Grupo de Apoyo Administrativo Mixto CSF,899999034,Trabajo
SENA REGIONAL GUAINÍA Grupo de Apoyo Administrativo Mixto,899999034,Trabajo
SENA REGIONAL GUAJIRA Grupo Mixto de Apoyo Administrativo,899999034,Trabajo
SENA REGIONAL GUAVIARE,899999034,Educación Nacional
SENA REGIONAL HUILA GRUPO ADMINISTRATIVO CDATH,899999034,Trabajo
SENA REGIONAL HUILA Grupo Administrativo CADP,899999034,Trabajo
SENA REGIONAL HUILA Grupo Administrativo CEFA,899999034,Trabajo
SENA REGIONAL HUILA Grupo Administrativo CGDSS,899999034,Trabajo
SENA REGIONAL META Grupo de Apoyo Administrativo Mixto,899999034,Trabajo
SENA REGIONAL NARIÑO CENTRO SUR COLOMBIANO DE LOGISTICA INTERNACIONAL,899999034,Trabajo
SENA REGIONAL NARIÑO Grupo Administrativo CAPCP,899999034,Trabajo
SENA REGIONAL NARIÑO Grupo de Apoyo Administrativo Mixto,899999034,Trabajo
SENA REGIONAL NORTE DE SANTANDER Grupo de Apoyo Administrativo Mixto,899999034,Educación Nacional
SENA REGIONAL PUTUMAYO Grupo de Apoyo Administrativo,899999034,Trabajo
SENA REGIONAL QUINDIO Grupo de Apoyo Administrativo Mixto,899999034,Trabajo
SENA REGIONAL RISARALDA Grupo de Apoyo Administrativo Mixto,899999034,Educación Nacional
SENA REGIONAL SANTANDER Grupo Administrativo CA,899999034,Trabajo
SENA REGIONAL SANTANDER Grupo Administrativo CATA,899999034,Trabajo
SENA REGIONAL SANTANDER Grupo Administrativo CGAO,899999034,Trabajo
SENA REGIONAL SANTANDER Grupo Administrativo CIDT,899999034,Trabajo
SENA REGIONAL SANTANDER Grupo de Apoyo Administrativo Mixto,899999034,Trabajo
SENA REGIONAL SUCRE,899999034,Servicio Público
SENA REGIONAL TOLIMA 1,899999034,Trabajo
SENA REGIONAL VALLE Grupo Administrativo CBI,899999034,Trabajo
SENA REGIONAL VALLE Grupo Administrativo CNPB,899999034,Educación Nacional
SENA REGIONAL VALLE Grupo Administrativo CTA,899999034,Trabajo
SENA REGIONAL VALLE Grupo de Apoyo Administrativo Mixto,899999034,Educación Nacional
SENA REGIONAL VICHADA,899999034,Trabajo
SENA Regional Huila Grupo de Apoyo Administrativo Mixto,899999034,Trabajo
SENA SECRETARIA GENERAL,899999034,Trabajo
SENADO DE LA REPÚBLICA,899999103,No aplica/No pertenece
SENAREGIONAL ATLANTICO CENTRO PARA EL DESARROLLO AGROECOLOGICO Y AGROINDUSTRIAL,899999034,Trabajo
SERVICIO GEOLOGICO COLOMBIANO,899999294,Minas y Energía
SERVICIO NACIONAL DE APRENDIZAJE  SENA MAGDALENA,8999990341,Trabajo
SERVICIO NACIONAL DE APRENDIZAJE SENA  REGIONAL VAUPES,899999034,Trabajo
SERVICIO NACIONAL DE APRENDIZAJE SENA REGIONAL CORDOBA,899999034,Trabajo
SERVICIO NACIONAL DE APRENDIZAJE SENA REGIONAL SAN ANDRES,899999034,Educación Nacional
SIC SUPERINTENDENCIA DE INDUSTRIA Y COMERCIO,800176089,Industria
SOCIEDAD DE ACTIVOS ESPECIALES SAS,900265408,Hacienda y Crédito Público
SUBCUENTA DEL SISTEMA DE PARQUES NACIONALES NATURALES DEL FONDO NACIONAL AMBIENTAL FONAM DTAM AMAZONAS,901037393,Ambiente y Desarrollo Sostenible
SUBCUENTA DEL SISTEMA DE PARQUES NACIONALES NATURALES DEL FONDO NACIONAL AMBIENTAL FONAM DTCA,901037393,Ambiente y Desarrollo Sostenible
SUBCUENTA DEL SISTEMA DE PARQUES NACIONALES NATURALES DEL FONDO NACIONAL AMBIENTAL FONAM DTPA,901037393,Ambiente y Desarrollo Sostenible
SUPERINTENDENCIA DE LA ECONOMIA SOLIDARIA,830053043,Hacienda y Crédito Público
SUPERINTENDENCIA DE NOTARIADO Y REGISTRO,899999007,Ley de Justicia
SUPERINTENDENCIA DE SERVICIOS PÚBLICOS DOMICILIARIOS,800250984,Planeación
SUPERINTENDENCIA DE SOCIEDADES,899999086,Industria
SUPERINTENDENCIA DE VIGILANCIA Y SEGURIDAD PRIVADA  MD,800217123,defensa
SUPERINTENDENCIA DEL SUBSIDIO FAMILIAR,860503600,Trabajo
SUPERINTENDENCIA FINANCIERA DE COLOMBIA,890999057,Hacienda y Crédito Público
SUPERINTENDENCIA NACIONAL DE SALUD,860062187,Salud y Protección Social
Sena  Centro Agropecuario de Buga,899999034,Educación Nacional
Sena Regional Boyaca Grupo de Apoyo Administrativo Mixto,899999034,Trabajo
Superintendencia de Transporte,800170433,Transporte
TELEVISION REGIONAL DEL ORIENTE LIMITADA CANAL TRO,807000294,Tecnologías de la Información y las Comunicaciones
TOLIMA  INSTITUCION EDUCATIVA PATIO BONITO,809001400,Educación Nacional
UAE FONDO NACIONAL DE ESTUPEFACIENTES,899999327,Salud y Protección Social
UARIVUNIDAD PARA LA ATENCION Y REPARACION INTEGRAL A LAS VICTIMAS,900490473,Inclusión Social y Reconciliación
UNIDAD ADMINISTRATIVA ESPECIAL AGENCIA DEL INSPECTOR GENERAL DE TRIBUTOS RENTAS Y CONTRIBUCIONES PARAFISCALESITRC,900528648,Hacienda y Crédito Público
UNIDAD ADMINISTRATIVA ESPECIAL DE ALIMENTACION ESCOLARALIMENTOS PARA APRENDER,901377527,Educación Nacional
UNIDAD ADMINISTRATIVA ESPECIAL DE GESTION DE RESTITUCION DE TIERRAS DESPOJADAS,900498879,Inclusión Social y Reconciliación
UNIDAD ADMINISTRATIVA ESPECIAL DE LA JUSTICIA PENAL MILITAR Y POLICIAL,900384997,defensa
UNIDAD ADMINISTRATIVA ESPECIAL DE ORGANIZACIONES SOLIDARIAS,899999050,Trabajo
UNIDAD ADMINISTRATIVA ESPECIAL DIRECCION NACIONAL DE BOMBEROS,900639630,Servicio Público
UNIDAD ADMINISTRATIVA ESPECIAL JUNTA CENTRAL DE CONTADORES,900180739,Industria
UNIDAD ADMINISTRATIVA ESPECIAL MIGRACION COLOMBIA,900477235,Relaciones Exteriores
UNIDAD ADMINISTRATIVA ESPECIAL UNIDAD DE PROYECCION NORMATIVA Y ESTUDIOS DE REGULACION FINANCIERA,900657800,Hacienda y Crédito Público
UNIDAD AESPE,900678508,Trabajo
UNIDAD DE BUSQUEDA DE PERSONAS DADAS POR DESAPARECIDAS EN EL CONTEXTO Y EN RAZÓN DEL CONFLICTO ARMADO,901158482,Ley de Justicia
UNIDAD DE GESTION PENSIONAL Y PARAFISCALES  UGPP,900373913,No aplica/No pertenece
UNIDAD DE INFORMACION Y ANALISIS FINANCIERO,830068074,Hacienda y Crédito Público
UNIDAD DE PLANEACION MINERO ENERGETICO,830000282,Minas y Energía
UNIDAD DE PLANEACIÓN DE INFRAESTRUCTURA DE TRANSPORTE,901525615,Transporte
UNIDAD DE SERVICIOS PENITENCIARIOS Y CARCELARIOS  USPEC,900523392,Ley de Justicia
UNIDAD NACIONAL DE PROTECCIÓN,900475780,defensa
UNIDAD NACIONAL PARA LA GESTIÓN DEL RIESGO DE DESASTRES,900478966,Presidencia de la República
UNIDAD PARA LAS VÍCTIMAS  FONDO PARA LA REPARACIÓN DE LAS VÍCTIMAS,900490473,Inclusión Social y Reconciliación
UNIDAD PRESTADORA DE SALUD ANTIOQUIA,901363087,Salud y Protección Social
UNIDAD PRESTADORA DE SALUD ARAUCA,9008012094,defensa
UNIDAD PRESTADORA DE SALUD BOGOTÁ,901361596,defensa
UNIDAD PRESTADORA DE SALUD CHOCO,800140951,defensa
UNIDAD PRESTADORA DE SALUD CÓRDOBA,900800975,defensa
UNIDAD PRESTADORA DE SALUD HUILA,901362454,Salud y Protección Social
UNIDAD PRESTADORA DE SALUD META POLICÍA NACIONAL,901361398,Salud y Protección Social
UNIDAD PRESTADORA DE SALUD NARIÑO,900807338,defensa
UNIDAD PRESTADORA DE SALUD RISARALDA,901362725,defensa
UNIDAD PRESTADORA DE SALUD SANTANDER,901361090,Salud y Protección Social
UNIVERSIDAD DE MANIZALES,8908060017,Educación Nacional
UNIVERSIDAD DEL PACIFICO,835000300,Educación Nacional
UNIVERSIDAD PEDAGÓGICA NACIONAL,899999124,Educación Nacional
UNIVERSIDAD TECNOLÓGICA DE BOLÍVAR,8904019620,Educación Nacional
UPRA,900479658,agricultura
UPRES DENOR  POLICÍA METROPOLITANA DE CUCUTA,900259415,defensa
UPRES VALLE,901361882,defensa
Universidad Eafit,890901389,Educación Nacional
Universidad Pontificia Bolivariana,8909029226,Educación Nacional
Universidad de La Sabana,8600755581,Ciencia Tecnología
empresa de servicios públicos Aguas la Cristalina,9003242027,No aplica/No pertenece
